Manager,PlayerId,Player,Position,WeeksRostered,Seasons,SeasonList,Stints,LeagueWeeksRostered,OwnershipShare,Starts,StarterPoints,TimesDrafted,DraftYears
Ikaika Stone,2976212,Stefon Diggs,WR,51,3,2022/2023/2025,3,59,86.4%,39,626,5,2019/2020/2022/2023/2025
Jeffrey Chan,15864,Geno Smith,QB,49,3,2022/2023/2024,3,60,81.7%,41,627.7,2,2023/2024
Darwin Hu,3929630,Saquon Barkley,RB,47,3,2022/2024/2025,3,68,69.1%,44,796.9,3,2018/2022/2024
Chase Mizoguchi,4361529,Isiah Pacheco,RB,45,3,2023/2024/2025,3,57,78.9%,19,250.2,3,2023/2024/2025
Prashanth Balaraman,4362628,Ja'Marr Chase,WR,42,3,2022/2023/2024,3,68,61.8%,34,689,3,2021/2022/2024
Justin Ho,4360248,Kyle Pitts Sr.,TE,41,4,2022/2023/2024/2025,4,62,66.1%,17,142.5,1,2025
Darwin Hu,3915416,DJ Moore,WR,40,3,2023/2024/2025,3,68,58.8%,19,275.4,3,2023/2024/2025
Christopher Pascual,15847,Travis Kelce,TE,34,2,2022/2023,2,68,50.0%,31,519.9,2,2022/2023
Darwin Hu,3918298,Josh Allen,QB,34,2,2024/2025,2,68,50.0%,31,719.8,2,2024/2025
Darwin Hu,4426502,Drake London,WR,34,2,2024/2025,2,66,51.5%,25,396.1,2,2024/2025
Evan Fukumoto,4035687,Michael Pittman Jr.,WR,34,2,2022/2025,2,68,50.0%,23,293.7,2,2022/2025
Harvey Wang,3128429,Courtland Sutton,WR,34,2,2024/2025,2,68,50.0%,19,250.3,3,2020/2024/2025
Jeffrey Chan,15683,Justin Tucker,K,34,2,2022/2023,2,47,72.3%,32,296,3,2018/2022/2023
Jeffrey Chan,3116365,Mark Andrews,TE,34,2,2023/2025,2,68,50.0%,11,145.8,3,2021/2023/2025
Jeffrey Chan,15818,Keenan Allen,WR,34,2,2023/2025,2,65,52.3%,23,366.1,2,2023/2025
Jeffrey Chan,4262921,Justin Jefferson,WR,34,2,2024/2025,2,68,50.0%,32,493.7,2,2024/2025
Prashanth Balaraman,4035538,David Montgomery,RB,34,2,2022/2023,2,68,50.0%,27,327.6,3,2019/2022/2023
Prashanth Balaraman,16800,Davante Adams,WR,34,2,2023/2024,2,68,50.0%,29,471.8,3,2018/2023/2024
Prashanth Balaraman,4038941,Justin Herbert,QB,34,2,2023/2025,2,68,50.0%,24,426.2,2,2023/2025
Prashanth Balaraman,4432577,C.J. Stroud,QB,34,2,2023/2025,2,51,66.7%,17,286,2,2023/2025
Rollin Odama-Wong,4361370,Chris Olave,WR,34,2,2023/2024,2,68,50.0%,19,237.4,2,2023/2024
Chase Mizoguchi,4241372,Hollywood Brown,WR,33,2,2022/2023,2,41,80.5%,15,175.8,0,
Chase Mizoguchi,3123076,David Njoku,TE,32,2,2023/2024,4,51,62.7%,15,215.2,2,2023/2024
Darwin Hu,4385690,Dalton Kincaid,TE,32,2,2024/2025,2,44,72.7%,9,69.9,1,2024
Evan Fukumoto,4241478,DeVonta Smith,WR,32,2,2023/2025,3,68,47.1%,24,304.9,2,2023/2025
Darwin Hu,4429160,De'Von Achane,RB,31,2,2023/2024,2,48,64.6%,22,394.8,1,2024
Evan Fukumoto,14880,Kirk Cousins,QB,31,2,2022/2024,2,45,68.9%,24,362.6,2,2022/2024
Darwin Hu,4047646,A.J. Brown,WR,30,2,2023/2025,2,68,44.1%,27,475.4,1,2023
Prashanth Balaraman,3040151,George Kittle,TE,30,2,2023/2024,3,68,44.1%,22,325.3,2,2019/2024
Darwin Hu,4430878,Jaxon Smith-Njigba,WR,29,3,2023/2024/2025,3,50,58.0%,18,367,2,2024/2025
Ikaika Stone,3116385,Joe Mixon,RB,29,2,2023/2025,2,63,46.0%,15,233.7,2,2023/2025
Evan Fukumoto,3054850,Alvin Kamara,RB,28,2,2022/2023,2,68,41.2%,23,371.5,3,2018/2022/2023
Evan Fukumoto,2576414,Raheem Mostert,RB,28,2,2022/2024,2,45,62.2%,8,69.9,1,2024
Rollin Odama-Wong,3953687,Brandon Aubrey,K,28,2,2024/2025,2,46,60.9%,26,284.1,2,2024/2025
Rollin Odama-Wong,4596448,Bucky Irving,RB,28,2,2024/2025,2,33,84.8%,9,136.2,0,
Harvey Wang,4426354,George Pickens,WR,27,2,2024/2025,2,62,43.5%,20,291.6,1,2024
Rollin Odama-Wong,4241416,Chuba Hubbard,RB,27,3,2022/2024/2025,4,55,49.1%,17,237.5,2,2024/2025
Chase Mizoguchi,3050478,Jake Elliott,K,26,2,2023/2024,2,35,74.3%,25,227,1,2023
Ikaika Stone,3139477,Patrick Mahomes,QB,26,2,2022/2023,2,68,38.2%,25,558.5,2,2022/2023
Jeffrey Chan,16757,Derek Carr,QB,26,2,2022/2024,2,51,51.0%,11,158.9,2,2022/2024
Justin Ho,3054850,Alvin Kamara,RB,26,3,2022/2024/2025,3,68,38.2%,17,167.7,1,2025
Rollin Odama-Wong,3918298,Josh Allen,QB,26,2,2022/2023,2,68,38.2%,25,570.7,2,2022/2023
Chase Mizoguchi,4426338,Bo Nix,QB,25,2,2024/2025,3,32,78.1%,19,346.3,1,2025
Darwin Hu,4360438,Brandon Aiyuk,WR,25,2,2022/2023,3,54,46.3%,11,147.1,1,2023
Evan Fukumoto,4242355,Jake Ferguson,TE,25,2,2023/2025,2,42,59.5%,24,269,1,2025
Ikaika Stone,3043078,Derrick Henry,RB,25,2,2022/2025,2,68,36.8%,23,380.4,2,2020/2025
Ikaika Stone,4430027,Sam LaPorta,TE,25,2,2024/2025,2,50,50.0%,14,173.5,1,2025
Prashanth Balaraman,4427366,Breece Hall,RB,25,2,2022/2025,2,59,42.4%,19,276.5,2,2022/2025
Prashanth Balaraman,4241457,Najee Harris,RB,25,2,2023/2024,2,51,49.0%,6,84.1,1,2024
Rollin Odama-Wong,3915416,DJ Moore,WR,25,2,2022/2023,2,68,36.8%,12,174.7,2,2020/2022
Rollin Odama-Wong,-16021,Eagles D/ST,D/ST,25,3,2022/2023/2025,3,45,55.6%,21,185,1,2023
Christopher Pascual,15835,Zach Ertz,TE,24,2,2024/2025,2,46,52.2%,17,182.4,1,2025
Harvey Wang,3121023,Dallas Goedert,TE,24,2,2023/2024,2,60,40.0%,14,152.6,2,2023/2024
Jeffrey Chan,4239993,Tee Higgins,WR,24,2,2022/2025,2,68,35.3%,14,178.5,2,2022/2025
Prashanth Balaraman,3046779,Jared Goff,QB,24,2,2024/2025,2,67,35.8%,20,399.1,0,
Rollin Odama-Wong,3116165,Chris Godwin Jr.,WR,24,2,2022/2024,2,54,44.4%,18,307.5,0,
Chase Mizoguchi,4047365,Josh Jacobs,RB,23,2,2022/2023,2,68,33.8%,19,367.1,2,2022/2023
Jeffrey Chan,2577327,Tyler Lockett,WR,23,2,2022/2024,2,47,48.9%,7,118,1,2024
Justin Ho,3117251,Christian McCaffrey,RB,23,2,2022/2024,2,64,35.9%,14,280,2,2020/2024
Darwin Hu,4430737,Kyren Williams,RB,22,2,2022/2023,3,61,36.1%,6,143.9,0,
Darwin Hu,4431452,Drake Maye,QB,22,2,2024/2025,2,29,75.9%,18,375,1,2025
Harvey Wang,4362238,Chase Brown,RB,22,2,2024/2025,2,32,68.8%,18,297.2,1,2025
Ikaika Stone,3122840,Deshaun Watson,QB,22,2,2022/2024,2,32,68.8%,6,73.4,2,2022/2024
Ikaika Stone,2577417,Dak Prescott,QB,22,2,2023/2025,2,60,36.7%,21,373,3,2019/2023/2025
Justin Ho,4241474,Brian Robinson Jr.,RB,22,2,2022/2023,2,58,37.9%,5,52,0,
Justin Ho,3043078,Derrick Henry,RB,22,2,2023/2024,2,68,32.4%,21,380,1,2024
Chase Mizoguchi,3116406,Tyreek Hill,WR,21,2,2022/2025,2,55,38.2%,20,389.5,3,2018/2022/2025
Chase Mizoguchi,4360438,Brandon Aiyuk,WR,21,2,2024/2025,2,54,38.9%,6,57.6,2,2024/2025
Christopher Pascual,3043078,Derrick Henry,RB,21,2,2022/2023,2,68,30.9%,18,294.1,3,2021/2022/2023
Christopher Pascual,3917315,Kyler Murray,QB,21,2,2023/2025,2,61,34.4%,4,75.2,1,2023
Christopher Pascual,4430807,Bijan Robinson,RB,21,2,2024/2025,2,51,41.2%,20,399.8,2,2024/2025
Chase Mizoguchi,4241985,J.K. Dobbins,RB,20,2,2022/2024,2,50,40.0%,7,111.8,0,
Chase Mizoguchi,3068267,Austin Ekeler,RB,20,3,2023/2024/2025,3,52,38.5%,12,170,2,2023/2025
Chase Mizoguchi,3925357,Calvin Ridley,WR,20,2,2023/2024,3,36,55.6%,13,157.4,2,2023/2024
Chase Mizoguchi,4362628,Ja'Marr Chase,WR,20,2,2023/2025,2,68,29.4%,16,302.6,1,2025
Darwin Hu,4239993,Tee Higgins,WR,20,2,2022/2023,2,68,29.4%,11,166.9,1,2021
Evan Fukumoto,3042519,Aaron Jones Sr.,RB,20,2,2022/2025,2,68,29.4%,6,81.1,1,2025
Evan Fukumoto,3895856,Christian Kirk,WR,20,2,2023/2024,2,42,47.6%,10,117.2,3,2020/2023/2024
Evan Fukumoto,3912547,Sam Darnold,QB,20,2,2024/2025,2,36,55.6%,9,169.6,2,2019/2025
Justin Ho,4241479,Tua Tagovailoa,QB,20,2,2022/2025,2,68,29.4%,16,237.2,1,2022
Justin Ho,4240703,Kenny Pickett,QB,20,3,2022/2023/2025,6,33,60.6%,13,107,1,2023
Justin Ho,2971573,Ka'imi Fairbairn,K,20,2,2023/2025,4,38,52.6%,18,195,2,2019/2025
Prashanth Balaraman,15835,Zach Ertz,TE,20,2,2022/2023,2,46,43.5%,11,114.6,2,2022/2023
Rollin Odama-Wong,4379399,James Cook III,RB,20,2,2022/2025,2,55,36.4%,16,300.7,1,2025
Rollin Odama-Wong,4372019,Jerome Ford,RB,20,2,2023/2024,2,24,83.3%,5,60.1,1,2024
Rollin Odama-Wong,4259545,D'Andre Swift,RB,20,2,2024/2025,3,67,29.9%,6,85.1,1,2025
Chase Mizoguchi,4685720,Bryce Young,QB,19,2,2024/2025,2,36,52.8%,8,80.3,2,2024/2025
Darwin Hu,3055899,Harrison Butker,K,19,2,2023/2025,2,36,52.8%,17,129.5,2,2018/2023
Evan Fukumoto,4569987,Jaylen Warren,RB,19,2,2023/2025,2,47,40.4%,11,125.2,0,
Jeffrey Chan,4426502,Drake London,WR,19,2,2022/2023,2,66,28.8%,5,39.4,1,2023
Justin Ho,17372,Chris Boswell,K,19,2,2022/2024,2,36,52.8%,18,173,0,
Justin Ho,3052587,Baker Mayfield,QB,19,2,2022/2023,2,61,31.1%,15,231.9,1,2020
Chase Mizoguchi,3916433,Jakobi Meyers,WR,18,2,2023/2024,2,61,29.5%,8,91.9,0,
Christopher Pascual,4569987,Jaylen Warren,RB,18,2,2023/2024,2,47,38.3%,7,70.3,0,
Christopher Pascual,-16005,Browns D/ST,D/ST,18,3,2023/2024/2025,3,31,58.1%,16,156,1,2024
Christopher Pascual,4569618,Garrett Wilson,WR,18,2,2023/2025,2,68,26.5%,7,83.6,0,
Darwin Hu,-16016,Vikings D/ST,D/ST,18,3,2023/2024/2025,4,24,75.0%,13,88,1,2020
Evan Fukumoto,4361307,Trey McBride,TE,18,2,2023/2024,2,43,41.9%,16,236,1,2024
Harvey Wang,3042519,Aaron Jones Sr.,RB,18,2,2022/2023,2,68,26.5%,12,141.4,0,
Harvey Wang,-16026,Seahawks D/ST,D/ST,18,2,2024/2025,3,25,72.0%,15,177,0,
Ikaika Stone,3051926,Gus Edwards,RB,18,2,2022/2023,2,28,64.3%,2,9.5,0,
Jeffrey Chan,3051876,Evan Engram,TE,18,2,2022/2024,2,43,41.9%,13,61.7,1,2024
Jeffrey Chan,-16015,Dolphins D/ST,D/ST,18,2,2023/2024,2,32,56.3%,12,114,1,2023
Jeffrey Chan,3128720,Nick Chubb,RB,18,2,2024/2025,2,58,31.0%,5,25.1,0,
Justin Ho,4047650,DK Metcalf,WR,18,2,2022/2024,2,67,26.9%,13,176.2,2,2019/2024
Justin Ho,8439,Aaron Rodgers,QB,18,2,2023/2024,2,58,31.0%,14,197.5,3,2018/2023/2024
Prashanth Balaraman,4683062,Xavier Worthy,WR,18,2,2024/2025,2,27,66.7%,7,58.8,1,2025
Chase Mizoguchi,3045138,Mike Williams,WR,17,1,2022,1,21,81.0%,11,141,3,2019/2021/2022
Chase Mizoguchi,4360310,Trevor Lawrence,QB,17,1,2022,1,64,26.6%,15,255,1,2022
Chase Mizoguchi,4374302,Amon-Ra St. Brown,WR,17,1,2023,1,68,25.0%,15,306.5,1,2023
Chase Mizoguchi,3046779,Jared Goff,QB,17,1,2023,1,67,25.4%,16,268.8,2,2020/2023
Chase Mizoguchi,-16025,49ers D/ST,D/ST,17,1,2023,1,60,28.3%,14,113,1,2023
Chase Mizoguchi,4241389,CeeDee Lamb,WR,17,1,2024,1,68,25.0%,13,219.7,1,2024
Chase Mizoguchi,4697815,Rachaad White,RB,17,1,2024,1,52,32.7%,11,133.2,1,2024
Chase Mizoguchi,4362081,Cameron Dicker,K,17,1,2025,1,34,50.0%,16,165,1,2025
Christopher Pascual,15818,Keenan Allen,WR,17,1,2022,1,65,26.2%,9,129.5,1,2022
Christopher Pascual,3916387,Lamar Jackson,QB,17,1,2022,1,68,25.0%,12,222.5,2,2019/2022
Christopher Pascual,4374302,Amon-Ra St. Brown,WR,17,1,2022,1,68,25.0%,15,245,1,2022
Christopher Pascual,16460,Adam Thielen,WR,17,1,2022,1,42,40.5%,8,90,1,2022
Christopher Pascual,3925347,Damien Harris,RB,17,1,2022,1,17,100.0%,4,30,0,
Christopher Pascual,4047646,A.J. Brown,WR,17,2,2022/2024,2,68,25.0%,13,218.4,1,2024
Christopher Pascual,4429795,Jahmyr Gibbs,RB,17,1,2023,1,51,33.3%,14,233.1,1,2023
Christopher Pascual,2976499,Amari Cooper,WR,17,1,2023,1,51,33.3%,8,138.2,1,2023
Christopher Pascual,4427366,Breece Hall,RB,17,1,2023,1,59,28.8%,12,232.3,1,2023
Christopher Pascual,3121422,Terry McLaurin,WR,17,1,2023,1,68,25.0%,6,65.5,1,2023
Christopher Pascual,4372016,Jaylen Waddle,WR,17,1,2024,1,68,25.0%,3,33.2,2,2021/2024
Christopher Pascual,4038941,Justin Herbert,QB,17,1,2024,1,68,25.0%,12,209.4,2,2021/2024
Christopher Pascual,4242335,Jonathan Taylor,RB,17,1,2025,1,68,25.0%,16,356.9,1,2025
Christopher Pascual,4432710,TreVeyon Henderson,RB,17,1,2025,1,17,100.0%,7,76.9,1,2025
Christopher Pascual,4432708,Marvin Harrison Jr.,WR,17,1,2025,1,34,50.0%,12,127.8,1,2025
Christopher Pascual,4429275,Trey Benson,RB,17,1,2025,1,19,89.5%,1,12.4,1,2025
Darwin Hu,4242335,Jonathan Taylor,RB,17,1,2022,1,68,25.0%,11,139,1,2022
Darwin Hu,3121422,Terry McLaurin,WR,17,1,2022,1,68,25.0%,12,139.5,1,2022
Darwin Hu,4052042,James Robinson,RB,17,1,2022,1,17,100.0%,4,33,0,
Darwin Hu,4040715,Jalen Hurts,QB,17,1,2023,1,68,25.0%,16,356.7,1,2023
Darwin Hu,3916148,Tony Pollard,RB,17,1,2023,1,68,25.0%,16,206,1,2023
Darwin Hu,2577327,Tyler Lockett,WR,17,1,2023,1,47,36.2%,7,63.4,1,2023
Darwin Hu,4595348,Malik Nabers,WR,17,1,2024,1,34,50.0%,12,217.1,1,2024
Darwin Hu,4432665,Brock Bowers,TE,17,1,2024,1,33,51.5%,14,218.6,1,2024
Darwin Hu,4567048,Kenneth Walker III,RB,17,1,2025,1,67,25.4%,8,80.9,1,2025
Darwin Hu,4239996,Travis Etienne Jr.,RB,17,1,2025,1,68,25.0%,14,211.5,1,2025
Evan Fukumoto,3068267,Austin Ekeler,RB,17,1,2022,1,52,32.7%,16,348,1,2022
Evan Fukumoto,2576925,Darren Waller,TE,17,1,2022,1,36,47.2%,6,54,1,2022
Evan Fukumoto,3116406,Tyreek Hill,WR,17,1,2023,1,55,30.9%,16,357.2,1,2023
Evan Fukumoto,4248528,Christian Watson,WR,17,1,2023,1,41,41.5%,0,0,1,2023
Evan Fukumoto,4241479,Tua Tagovailoa,QB,17,1,2023,1,68,25.0%,16,262.7,2,2020/2023
Evan Fukumoto,4429615,Zay Flowers,WR,17,1,2023,1,50,34.0%,3,25.9,1,2023
Evan Fukumoto,-16023,Steelers D/ST,D/ST,17,1,2023,1,51,33.3%,15,115,1,2023
Evan Fukumoto,10621,Nick Folk,K,17,2,2023/2025,2,34,50.0%,16,115,0,
Evan Fukumoto,4427366,Breece Hall,RB,17,1,2024,1,59,28.8%,15,223.2,1,2024
Evan Fukumoto,3916387,Lamar Jackson,QB,17,1,2024,1,68,25.0%,16,408.4,1,2024
Evan Fukumoto,4258173,Nico Collins,WR,17,1,2024,1,52,32.7%,11,196.8,1,2024
Evan Fukumoto,2977187,Cooper Kupp,WR,17,1,2024,1,56,30.4%,12,175,1,2024
Evan Fukumoto,3916148,Tony Pollard,RB,17,1,2024,1,68,25.0%,14,176.6,1,2024
Evan Fukumoto,4362249,Jayden Reed,WR,17,1,2024,1,26,65.4%,10,99.4,1,2024
Evan Fukumoto,4429795,Jahmyr Gibbs,RB,17,1,2025,1,51,33.3%,16,346.6,1,2025
Evan Fukumoto,4040715,Jalen Hurts,QB,17,1,2025,1,68,25.0%,16,301.1,1,2025
Evan Fukumoto,4685382,Omarion Hampton,RB,17,1,2025,1,17,100.0%,7,113.5,1,2025
Evan Fukumoto,16800,Davante Adams,WR,17,1,2025,1,68,25.0%,14,223.4,2,2019/2025
Evan Fukumoto,4361741,Brock Purdy,QB,17,1,2025,1,55,30.9%,8,172.2,1,2025
Evan Fukumoto,4431299,Rome Odunze,WR,17,1,2025,1,26,65.4%,10,98.6,1,2025
Evan Fukumoto,4373678,Khalil Shakir,WR,17,1,2025,1,30,56.7%,1,9.6,1,2025
Harvey Wang,3126486,Deebo Samuel,WR,17,1,2022,1,68,25.0%,12,155.5,1,2022
Harvey Wang,3128720,Nick Chubb,RB,17,1,2022,1,58,29.3%,16,246,1,2022
Harvey Wang,3932905,Diontae Johnson,WR,17,1,2022,1,45,37.8%,6,64,1,2022
Harvey Wang,4040715,Jalen Hurts,QB,17,1,2022,1,68,25.0%,14,359,1,2022
Harvey Wang,4372016,Jaylen Waddle,WR,17,1,2022,1,68,25.0%,15,199,1,2022
Harvey Wang,4040761,Devin Singletary,RB,17,1,2022,1,39,43.6%,4,37.5,1,2022
Harvey Wang,4036133,T.J. Hockenson,TE,17,1,2022,1,61,27.9%,16,204,1,2022
Harvey Wang,4361370,Chris Olave,WR,17,1,2022,1,68,25.0%,9,113.5,0,
Harvey Wang,4262921,Justin Jefferson,WR,17,1,2023,1,68,25.0%,9,167.2,1,2023
Harvey Wang,4047650,DK Metcalf,WR,17,1,2023,1,67,25.4%,9,110.4,1,2023
Harvey Wang,3045147,James Conner,RB,17,1,2023,1,55,30.9%,10,130.7,1,2023
Harvey Wang,4035687,Michael Pittman Jr.,WR,17,1,2023,1,68,25.0%,13,205.5,1,2023
Harvey Wang,4430737,Kyren Williams,RB,17,1,2024,1,61,27.9%,16,272.6,1,2024
Harvey Wang,4426515,Puka Nacua,WR,17,1,2024,1,50,34.0%,10,189.5,1,2024
Harvey Wang,3917315,Kyler Murray,QB,17,1,2024,1,61,27.9%,16,269.4,1,2024
Harvey Wang,4567048,Kenneth Walker III,RB,17,1,2024,1,67,25.4%,9,134.7,1,2024
Harvey Wang,4366031,Tank Dell,WR,17,1,2024,1,28,60.7%,4,34.5,1,2024
Harvey Wang,4429160,De'Von Achane,RB,17,1,2025,1,48,35.4%,16,324.3,1,2025
Harvey Wang,3121422,Terry McLaurin,WR,17,1,2025,1,68,25.0%,2,27.2,2,2021/2025
Harvey Wang,12483,Matthew Stafford,QB,17,1,2025,1,66,25.8%,15,310.6,1,2025
Ikaika Stone,3117256,Dalton Schultz,TE,17,1,2022,1,40,42.5%,11,117.5,1,2022
Ikaika Stone,3915189,Roquan Smith,LB,17,1,2022,1,34,50.0%,16,91.5,0,
Ikaika Stone,14979,Bobby Wagner,LB,17,2,2022/2023,3,23,73.9%,17,99.5,1,2023
Ikaika Stone,4036133,T.J. Hockenson,TE,17,1,2023,1,61,27.9%,16,219.5,1,2023
Ikaika Stone,4567048,Kenneth Walker III,RB,17,1,2023,1,67,25.4%,10,138.1,1,2023
Ikaika Stone,3932905,Diontae Johnson,WR,17,1,2023,1,45,37.8%,4,36.7,1,2023
Ikaika Stone,4259545,D'Andre Swift,RB,17,1,2023,1,67,25.4%,14,183.2,1,2023
Ikaika Stone,3128429,Courtland Sutton,WR,17,1,2023,1,68,25.0%,4,62.1,1,2023
Ikaika Stone,4374302,Amon-Ra St. Brown,WR,17,1,2024,1,68,25.0%,16,304.5,1,2024
Ikaika Stone,4040715,Jalen Hurts,QB,17,1,2024,1,68,25.0%,15,315.6,1,2024
Ikaika Stone,4379399,James Cook III,RB,17,1,2024,1,55,30.9%,15,257.9,0,
Ikaika Stone,3116365,Mark Andrews,TE,17,1,2024,1,68,25.0%,7,74.5,2,2020/2024
Ikaika Stone,4035538,David Montgomery,RB,17,1,2024,1,68,25.0%,12,194.2,3,2020/2021/2024
Ikaika Stone,4241389,CeeDee Lamb,WR,17,1,2025,1,68,25.0%,13,200,1,2025
Ikaika Stone,4430737,Kyren Williams,RB,17,1,2025,1,61,27.9%,16,252.2,1,2025
Ikaika Stone,3052587,Baker Mayfield,QB,17,1,2025,1,61,27.9%,15,241.9,1,2025
Ikaika Stone,4361579,Javonte Williams,RB,17,1,2025,1,54,31.5%,11,149.8,1,2025
Jeffrey Chan,2977187,Cooper Kupp,WR,17,1,2022,1,56,30.4%,9,197,1,2022
Jeffrey Chan,16800,Davante Adams,WR,17,1,2022,1,68,25.0%,16,318,1,2022
Jeffrey Chan,3040151,George Kittle,TE,17,1,2022,1,68,25.0%,15,177.5,1,2022
Jeffrey Chan,2577417,Dak Prescott,QB,17,1,2022,1,60,28.3%,5,73,1,2022
Jeffrey Chan,4045163,Miles Sanders,RB,17,1,2022,1,24,70.8%,16,204,2,2021/2022
Jeffrey Chan,4243537,Gabe Davis,WR,17,1,2022,1,34,50.0%,8,69,1,2022
Jeffrey Chan,-16002,Bills D/ST,D/ST,17,1,2022,1,47,36.2%,11,45,1,2022
Jeffrey Chan,4043130,Jordyn Brooks,LB,17,1,2022,1,19,89.5%,16,85.5,1,2022
Jeffrey Chan,4240657,Michael Carter,RB,17,1,2022,1,22,77.3%,8,52.5,0,
Jeffrey Chan,3051738,Marquez Valdes-Scantling,WR,17,1,2022,1,18,94.4%,2,14.5,0,
Jeffrey Chan,3117251,Christian McCaffrey,RB,17,1,2023,1,64,26.6%,16,392.3,1,2023
Jeffrey Chan,3916387,Lamar Jackson,QB,17,1,2023,1,68,25.0%,16,331.7,1,2023
Jeffrey Chan,3126486,Deebo Samuel,WR,17,1,2023,1,68,25.0%,14,238.5,2,2021/2023
Jeffrey Chan,4697815,Rachaad White,RB,17,1,2023,1,52,32.7%,11,196,1,2023
Jeffrey Chan,4379399,James Cook III,RB,17,1,2023,1,55,30.9%,13,179.5,0,
Jeffrey Chan,12483,Matthew Stafford,QB,17,1,2023,1,66,25.8%,7,111.8,1,2023
Jeffrey Chan,3050073,Foyesade Oluokun,LB,17,1,2023,1,34,50.0%,16,101,1,2023
Jeffrey Chan,2576414,Raheem Mostert,RB,17,1,2023,1,45,37.8%,9,165.4,1,2023
Jeffrey Chan,3117256,Dalton Schultz,TE,17,2,2023/2024,3,40,42.5%,6,39.5,1,2023
Jeffrey Chan,4242335,Jonathan Taylor,RB,17,1,2024,1,68,25.0%,14,220.2,1,2024
Jeffrey Chan,16737,Mike Evans,WR,17,1,2024,1,64,26.6%,11,195.4,1,2024
Jeffrey Chan,4241478,DeVonta Smith,WR,17,1,2024,1,68,25.0%,6,78.1,1,2024
Jeffrey Chan,4361741,Brock Purdy,QB,17,1,2024,1,55,30.9%,13,227,1,2024
Jeffrey Chan,4429615,Zay Flowers,WR,17,1,2024,1,50,34.0%,12,156.2,1,2024
Jeffrey Chan,2971573,Ka'imi Fairbairn,K,17,1,2024,1,38,44.7%,16,160.5,1,2024
Jeffrey Chan,-16033,Ravens D/ST,D/ST,17,1,2024,1,51,33.3%,16,92,2,2021/2024
Jeffrey Chan,4426515,Puka Nacua,WR,17,1,2025,1,50,34.0%,14,326.2,1,2025
Jeffrey Chan,3139477,Patrick Mahomes,QB,17,1,2025,1,68,25.0%,14,286.2,1,2025
Jeffrey Chan,3916148,Tony Pollard,RB,17,1,2025,1,68,25.0%,15,167.1,1,2025
Jeffrey Chan,15847,Travis Kelce,TE,17,1,2025,1,68,25.0%,16,190.5,1,2025
Jeffrey Chan,4036378,Jordan Love,QB,17,1,2025,1,51,33.3%,16,235.6,1,2025
Jeffrey Chan,4241985,J.K. Dobbins,RB,17,1,2025,1,50,34.0%,7,70.3,1,2025
Jeffrey Chan,3150744,Chase McLaughlin,K,17,1,2025,1,29,58.6%,16,135.5,1,2025
Jeffrey Chan,-16034,Texans D/ST,D/ST,17,1,2025,1,26,65.4%,15,167,1,2025
Justin Ho,4262921,Justin Jefferson,WR,17,1,2022,1,68,25.0%,16,352,1,2022
Justin Ho,2976499,Amari Cooper,WR,17,1,2022,1,51,33.3%,14,188.5,0,
Justin Ho,4241416,Chuba Hubbard,RB,17,2,2022/2023,2,55,30.9%,5,57.8,0,
Justin Ho,16737,Mike Evans,WR,17,1,2023,1,64,26.6%,15,259.2,2,2018/2023
Justin Ho,4426354,George Pickens,WR,17,1,2023,1,62,27.4%,5,58.9,1,2023
Justin Ho,-16006,Cowboys D/ST,D/ST,17,1,2023,1,35,48.6%,15,141,1,2023
Justin Ho,4428331,Rashee Rice,WR,17,1,2023,1,39,43.6%,5,86.1,0,
Justin Ho,4239996,Travis Etienne Jr.,RB,17,1,2024,1,68,25.0%,8,81,1,2024
Justin Ho,3121422,Terry McLaurin,WR,17,1,2024,1,68,25.0%,11,184.1,1,2024
Justin Ho,4612826,Ladd McConkey,WR,17,1,2024,1,34,50.0%,6,98.2,1,2024
Justin Ho,4432773,Brian Thomas Jr.,WR,17,1,2024,1,34,50.0%,6,122.4,1,2024
Justin Ho,4036133,T.J. Hockenson,TE,17,1,2024,1,61,27.9%,8,77.9,1,2024
Justin Ho,4595348,Malik Nabers,WR,17,1,2025,1,34,50.0%,4,58.1,1,2025
Justin Ho,3040151,George Kittle,TE,17,1,2025,1,68,25.0%,11,154.1,1,2025
Justin Ho,4567750,Emeka Egbuka,WR,17,1,2025,1,17,100.0%,12,163.7,1,2025
Justin Ho,4426385,Zach Charbonnet,RB,17,1,2025,1,51,33.3%,6,74.3,1,2025
Justin Ho,-16007,Broncos D/ST,D/ST,17,1,2025,1,46,37.0%,12,110,1,2025
Justin Ho,4689114,Jaxson Dart,QB,17,1,2025,1,17,100.0%,8,154.1,1,2025
Prashanth Balaraman,4259545,D'Andre Swift,RB,17,1,2022,1,67,25.4%,10,130,1,2022
Prashanth Balaraman,8439,Aaron Rodgers,QB,17,1,2022,1,58,29.3%,14,185,1,2022
Prashanth Balaraman,4362887,Justin Fields,QB,17,1,2022,1,59,28.8%,11,218,2,2021/2022
Prashanth Balaraman,4241463,Jerry Jeudy,WR,17,1,2022,1,50,34.0%,4,40,1,2022
Prashanth Balaraman,3050073,Foyesade Oluokun,LB,17,1,2022,1,34,50.0%,16,93.5,1,2022
Prashanth Balaraman,4569618,Garrett Wilson,WR,17,1,2022,1,68,25.0%,10,123.5,1,2022
Prashanth Balaraman,-16025,49ers D/ST,D/ST,17,1,2022,1,60,28.3%,16,128,1,2022
Prashanth Balaraman,2985659,Wil Lutz,K,17,1,2022,1,25,68.0%,14,92,2,2019/2022
Prashanth Balaraman,3916148,Tony Pollard,RB,17,1,2022,1,68,25.0%,8,171,0,
Prashanth Balaraman,2977187,Cooper Kupp,WR,17,1,2023,1,56,30.4%,10,124,2,2018/2023
Prashanth Balaraman,4239996,Travis Etienne Jr.,RB,17,1,2023,1,68,25.0%,16,269.7,1,2023
Prashanth Balaraman,3915189,Roquan Smith,LB,17,1,2023,1,34,50.0%,16,85,1,2023
Prashanth Balaraman,-16002,Bills D/ST,D/ST,17,1,2023,1,47,36.2%,14,130,2,2019/2023
Prashanth Balaraman,4258173,Nico Collins,WR,17,1,2023,1,52,32.7%,8,121.6,1,2023
Prashanth Balaraman,4428557,Tyjae Spears,RB,17,1,2023,1,36,47.2%,0,0,1,2023
Prashanth Balaraman,4429795,Jahmyr Gibbs,RB,17,1,2024,1,51,33.3%,16,317.4,1,2024
Prashanth Balaraman,15847,Travis Kelce,TE,17,1,2024,1,68,25.0%,8,88.9,2,2018/2024
Prashanth Balaraman,3116385,Joe Mixon,RB,17,1,2024,1,63,27.0%,13,237.2,1,2024
Prashanth Balaraman,3042519,Aaron Jones Sr.,RB,17,1,2024,1,68,25.0%,15,213.7,0,
Prashanth Balaraman,4429205,Jordan Addison,WR,17,1,2024,1,49,34.7%,3,92.4,1,2024
Prashanth Balaraman,4426385,Zach Charbonnet,RB,17,1,2024,1,51,33.3%,2,65,1,2024
Prashanth Balaraman,3117251,Christian McCaffrey,RB,17,1,2025,1,64,26.6%,16,406.4,1,2025
Prashanth Balaraman,4374302,Amon-Ra St. Brown,WR,17,1,2025,1,68,25.0%,16,301.6,1,2025
Prashanth Balaraman,4361307,Trey McBride,TE,17,1,2025,1,43,39.5%,16,302.4,1,2025
Prashanth Balaraman,3915511,Joe Burrow,QB,17,1,2025,1,68,25.0%,7,113.3,2,2021/2025
Prashanth Balaraman,3916433,Jakobi Meyers,WR,17,1,2025,1,61,27.9%,9,91.5,1,2025
Prashanth Balaraman,3126486,Deebo Samuel,WR,17,1,2025,1,68,25.0%,13,139.9,1,2025
Rollin Odama-Wong,3116385,Joe Mixon,RB,17,1,2022,1,63,27.0%,14,212.5,1,2022
Rollin Odama-Wong,3121023,Dallas Goedert,TE,17,1,2022,1,60,28.3%,10,120.5,1,2022
Rollin Odama-Wong,3895856,Christian Kirk,WR,17,1,2022,1,42,40.5%,10,139,0,
Rollin Odama-Wong,4430807,Bijan Robinson,RB,17,1,2023,1,51,33.3%,16,221.2,1,2023
Rollin Odama-Wong,4429084,Anthony Richardson,QB,17,1,2023,1,34,50.0%,4,72.7,1,2023
Rollin Odama-Wong,3139477,Patrick Mahomes,QB,17,1,2024,1,68,25.0%,15,269.6,2,2020/2024
Rollin Odama-Wong,4241479,Tua Tagovailoa,QB,17,1,2024,1,68,25.0%,9,150.4,1,2024
Rollin Odama-Wong,3916387,Lamar Jackson,QB,17,1,2025,1,68,25.0%,12,195.4,3,2020/2021/2025
Rollin Odama-Wong,4258173,Nico Collins,WR,17,1,2025,1,52,32.7%,15,226.2,1,2025
Chase Mizoguchi,4361432,Romeo Doubs,WR,16,2,2022/2024,2,32,50.0%,5,50.4,0,
Christopher Pascual,14881,Russell Wilson,QB,16,1,2023,1,44,36.4%,14,238.7,1,2023
Christopher Pascual,2976316,Michael Thomas,WR,16,1,2023,1,24,66.7%,3,32.5,1,2023
Darwin Hu,4360294,Antonio Gibson,RB,16,2,2022/2023,3,25,64.0%,2,22.5,2,2020/2023
Darwin Hu,5083076,Harold Fannin Jr.,TE,16,1,2025,1,16,100.0%,8,81.8,0,
Evan Fukumoto,4048244,Alexander Mattison,RB,16,1,2023,1,36,44.4%,7,68.8,0,
Evan Fukumoto,-16025,49ers D/ST,D/ST,16,1,2024,1,60,26.7%,15,95,2,2021/2024
Harvey Wang,15807,Cordarrelle Patterson,RB,16,1,2022,1,16,100.0%,3,15.5,0,
Harvey Wang,4569173,Rhamondre Stevenson,RB,16,2,2022/2023,2,67,23.9%,7,128.1,0,
Harvey Wang,4036378,Jordan Love,QB,16,1,2024,2,51,31.4%,14,231.1,1,2024
Ikaika Stone,15795,DeAndre Hopkins,WR,16,2,2022/2024,2,50,32.0%,10,148,1,2019
Justin Ho,3915511,Joe Burrow,QB,16,2,2022/2024,2,68,23.5%,16,338.5,2,2022/2024
Justin Ho,4036378,Jordan Love,QB,16,1,2023,1,51,31.4%,13,238.7,0,
Rollin Odama-Wong,4241389,CeeDee Lamb,WR,16,1,2022,1,68,23.5%,14,260,1,2020
Rollin Odama-Wong,4426875,Sam Howell,QB,16,1,2023,1,16,100.0%,10,143.7,1,2023
Rollin Odama-Wong,4047650,DK Metcalf,WR,16,1,2025,1,67,23.9%,7,79.5,1,2025
Chase Mizoguchi,3059915,Kareem Hunt,RB,15,1,2022,1,47,31.9%,0,0,1,2021
Chase Mizoguchi,4048244,Alexander Mattison,RB,15,1,2022,1,36,41.7%,0,0,0,
Chase Mizoguchi,3128720,Nick Chubb,RB,15,2,2024/2025,3,58,25.9%,5,31.9,3,2018/2024/2025
Christopher Pascual,4040655,Darnell Mooney,WR,15,1,2024,2,29,51.7%,12,139.7,1,2024
Christopher Pascual,4426348,Jayden Daniels,QB,15,1,2025,1,32,46.9%,7,114.8,1,2025
Christopher Pascual,4429205,Jordan Addison,WR,15,1,2025,1,49,30.6%,5,36.5,1,2025
Christopher Pascual,4697745,Tyler Loop,K,15,1,2025,2,15,100.0%,15,120,1,2025
Darwin Hu,12483,Matthew Stafford,QB,15,1,2022,1,66,22.7%,6,62.5,1,2022
Evan Fukumoto,16720,C.J. Mosley,LB,15,1,2022,2,25,60.0%,15,77,0,
Evan Fukumoto,3121427,Curtis Samuel,WR,15,1,2022,2,26,57.7%,5,55,0,
Evan Fukumoto,2473037,Jason Myers,K,15,2,2022/2025,2,26,57.7%,15,170.5,0,
Harvey Wang,4241389,CeeDee Lamb,WR,15,1,2023,1,68,22.1%,13,316.4,0,
Ikaika Stone,-16006,Cowboys D/ST,D/ST,15,1,2022,1,35,42.9%,12,102,0,
Justin Ho,4361579,Javonte Williams,RB,15,1,2023,1,54,27.8%,8,86.8,0,
Rollin Odama-Wong,2980453,Jamaal Williams,RB,15,1,2022,1,18,83.3%,5,69,1,2018
Rollin Odama-Wong,4038815,Rico Dowdle,RB,15,3,2023/2024/2025,3,29,51.7%,6,114.4,0,
Chase Mizoguchi,3121544,T.J. Edwards,LB,14,2,2022/2023,2,25,56.0%,14,83.5,0,
Chase Mizoguchi,3116593,Dalvin Cook,RB,14,1,2022,1,21,66.7%,13,190,1,2019
Chase Mizoguchi,3116365,Mark Andrews,TE,14,1,2022,1,68,20.6%,12,121,0,
Chase Mizoguchi,3912547,Sam Darnold,QB,14,1,2024,1,36,38.9%,12,221.9,0,
Chase Mizoguchi,4361370,Chris Olave,WR,14,1,2025,1,68,20.6%,12,213.2,0,
Chase Mizoguchi,4035538,David Montgomery,RB,14,1,2025,1,68,20.6%,6,66,0,
Christopher Pascual,4685720,Bryce Young,QB,14,2,2023/2024,2,36,38.9%,6,68.8,0,
Christopher Pascual,-16033,Ravens D/ST,D/ST,14,1,2023,1,51,27.5%,5,59,1,2019
Christopher Pascual,-16009,Packers D/ST,D/ST,14,1,2024,1,33,42.4%,12,95,0,
Darwin Hu,2576925,Darren Waller,TE,14,1,2023,1,36,38.9%,6,60.4,0,
Darwin Hu,4431611,Caleb Williams,QB,14,1,2024,1,34,41.2%,5,64,0,
Evan Fukumoto,3120348,JuJu Smith-Schuster,WR,14,1,2022,1,25,56.0%,7,80,0,
Evan Fukumoto,3918639,Gerald Everett,TE,14,1,2022,1,17,82.4%,9,65,0,
Evan Fukumoto,4426388,Jameson Williams,WR,14,1,2024,1,55,25.5%,4,28.3,1,2024
Harvey Wang,-16018,Saints D/ST,D/ST,14,3,2022/2023/2025,3,30,46.7%,13,112,2,2020/2023
Harvey Wang,4242433,Joshua Palmer,WR,14,1,2023,1,29,48.3%,1,18.8,0,
Harvey Wang,4361741,Brock Purdy,QB,14,1,2023,1,55,25.5%,13,244.8,0,
Ikaika Stone,4047646,A.J. Brown,WR,14,2,2022/2024,2,68,20.6%,13,223,1,2020
Ikaika Stone,3115364,Leonard Fournette,RB,14,1,2022,1,18,77.8%,7,111,2,2019/2021
Ikaika Stone,3128390,Allen Lazard,WR,14,1,2022,1,17,82.4%,5,58,0,
Ikaika Stone,3059915,Kareem Hunt,RB,14,2,2023/2024,2,47,29.8%,2,32,1,2018
Ikaika Stone,4432577,C.J. Stroud,QB,14,1,2024,1,51,27.5%,13,180.6,1,2024
Ikaika Stone,4038815,Rico Dowdle,RB,14,1,2024,1,29,48.3%,6,80.5,0,
Jeffrey Chan,3054850,Alvin Kamara,RB,14,1,2024,1,68,20.6%,13,248.3,1,2024
Jeffrey Chan,4426388,Jameson Williams,WR,14,1,2025,1,55,25.5%,4,44.1,0,
Justin Ho,4569618,Garrett Wilson,WR,14,2,2023/2025,2,68,20.6%,11,157,1,2025
Justin Ho,-16023,Steelers D/ST,D/ST,14,1,2024,2,51,27.5%,12,118,1,2024
Justin Ho,3917792,Daniel Jones,QB,14,1,2025,1,48,29.2%,13,226.9,1,2025
Prashanth Balaraman,16737,Mike Evans,WR,14,1,2022,1,64,21.9%,13,194.5,0,
Prashanth Balaraman,3123076,David Njoku,TE,14,2,2022/2024,2,51,27.5%,5,43,0,
Prashanth Balaraman,4689936,Jake Bates,K,14,1,2025,2,26,53.8%,14,113,1,2025
Rollin Odama-Wong,16460,Adam Thielen,WR,14,1,2023,1,42,33.3%,10,139.2,0,
Chase Mizoguchi,2576980,Marcus Mariota,QB,13,2,2022/2025,2,22,59.1%,13,177.8,0,
Chase Mizoguchi,3116165,Chris Godwin Jr.,WR,13,1,2023,1,54,24.1%,6,52.5,0,
Chase Mizoguchi,12483,Matthew Stafford,QB,13,1,2024,1,66,19.7%,5,53.9,2,2018/2021
Chase Mizoguchi,4685702,Quinshon Judkins,RB,13,1,2025,1,15,86.7%,11,138.5,0,
Chase Mizoguchi,4569587,Wan'Dale Robinson,WR,13,1,2025,1,28,46.4%,4,59.1,0,
Christopher Pascual,3049899,Younghoe Koo,K,13,2,2022/2023,2,38,34.2%,6,50,0,
Christopher Pascual,15683,Justin Tucker,K,13,1,2024,1,47,27.7%,13,102.5,1,2024
Christopher Pascual,4239993,Tee Higgins,WR,13,1,2024,1,68,19.1%,10,194.4,0,
Christopher Pascual,3068267,Austin Ekeler,RB,13,1,2024,1,52,25.0%,2,22.5,1,2020
Christopher Pascual,4890973,Ashton Jeanty,RB,13,1,2025,1,17,76.5%,10,132.4,0,
Christopher Pascual,4612826,Ladd McConkey,WR,13,1,2025,1,34,38.2%,12,148,0,
Evan Fukumoto,16760,Jimmy Garoppolo,QB,13,2,2022/2023,2,19,68.4%,2,20.2,0,
Evan Fukumoto,3917315,Kyler Murray,QB,13,2,2022/2023,2,61,21.3%,9,169.4,1,2021
Harvey Wang,2969939,Jameis Winston,QB,13,2,2022/2024,2,20,65.0%,4,67.6,1,2022
Harvey Wang,4035676,Zack Moss,RB,13,2,2022/2023,2,26,50.0%,5,50.1,2,2020/2021
Harvey Wang,4569618,Garrett Wilson,WR,13,2,2023/2024,2,68,19.1%,11,168,1,2023
Harvey Wang,3044720,Joshua Dobbs,QB,13,1,2023,1,13,100.0%,2,24.9,0,
Harvey Wang,-16007,Broncos D/ST,D/ST,13,1,2024,1,46,28.3%,11,113,0,
Harvey Wang,4428209,Ricky Pearsall,WR,13,1,2025,1,21,61.9%,0,0,0,
Harvey Wang,4047365,Josh Jacobs,RB,13,1,2025,1,68,19.1%,10,163.3,0,
Ikaika Stone,3126486,Deebo Samuel,WR,13,1,2024,1,68,19.1%,9,95.3,1,2020
Ikaika Stone,3121023,Dallas Goedert,TE,13,1,2025,1,60,21.7%,7,77.9,0,
Jeffrey Chan,3916433,Jakobi Meyers,WR,13,1,2024,1,61,21.3%,0,0,1,2024
Justin Ho,4360238,Dameon Pierce,RB,13,2,2022/2023,2,29,44.8%,7,65.5,0,
Justin Ho,4430807,Bijan Robinson,RB,13,1,2025,1,51,25.5%,9,175.9,0,
Justin Ho,4685472,Tetairoa McMillan,WR,13,1,2025,1,17,76.5%,9,130.8,0,
Prashanth Balaraman,4569173,Rhamondre Stevenson,RB,13,1,2025,1,67,19.4%,0,0,1,2025
Rollin Odama-Wong,4426388,Jameson Williams,WR,13,1,2022,1,55,23.6%,0,0,0,
Rollin Odama-Wong,4372016,Jaylen Waddle,WR,13,2,2023/2025,2,68,19.1%,9,125.7,1,2025
Chase Mizoguchi,4372016,Jaylen Waddle,WR,12,1,2025,1,68,17.6%,11,125.6,0,
Chase Mizoguchi,4431459,Tyler Warren,TE,12,1,2025,1,17,70.6%,11,114.6,0,
Chase Mizoguchi,4259545,D'Andre Swift,RB,12,1,2025,1,67,17.9%,9,142.8,0,
Christopher Pascual,4569173,Rhamondre Stevenson,RB,12,2,2022/2024,2,67,17.9%,11,150.6,0,
Christopher Pascual,4433970,J.J. McCarthy,QB,12,1,2025,1,15,80.0%,5,46.2,1,2025
Darwin Hu,3051909,Daniel Carlson,K,12,1,2022,1,19,63.2%,11,88,0,
Darwin Hu,2468609,Taysom Hill,TE,12,2,2022/2023,3,19,63.2%,6,58.9,0,
Darwin Hu,4047365,Josh Jacobs,RB,12,2,2024/2025,2,68,17.6%,11,224.5,2,2019/2025
Evan Fukumoto,3929630,Saquon Barkley,RB,12,1,2023,1,68,17.6%,8,128.7,1,2023
Evan Fukumoto,4362887,Justin Fields,QB,12,1,2023,1,59,20.3%,8,137.5,1,2023
Evan Fukumoto,2976499,Amari Cooper,WR,12,1,2024,1,51,23.5%,7,70.7,1,2024
Harvey Wang,4241457,Najee Harris,RB,12,2,2022/2024,2,51,23.5%,4,42.5,1,2022
Harvey Wang,2577417,Dak Prescott,QB,12,1,2023,1,60,20.0%,11,259.2,1,2020
Harvey Wang,3929645,Juwan Johnson,TE,12,1,2025,2,27,44.4%,6,63.4,0,
Harvey Wang,4034949,Eddy Pineiro,K,12,1,2025,1,12,100.0%,9,86,0,
Ikaika Stone,4361432,Romeo Doubs,WR,12,3,2022/2023/2025,3,32,37.5%,1,1.5,0,
Ikaika Stone,3915511,Joe Burrow,QB,12,1,2023,1,68,17.6%,5,92.4,0,
Ikaika Stone,4689936,Jake Bates,K,12,1,2024,1,26,46.2%,12,122.5,0,
Ikaika Stone,8439,Aaron Rodgers,QB,12,1,2025,2,58,20.7%,3,28,1,2021
Jeffrey Chan,3045147,James Conner,RB,12,2,2022/2025,2,55,21.8%,8,77.3,3,2021/2022/2025
Jeffrey Chan,3917792,Daniel Jones,QB,12,1,2022,1,48,25.0%,7,132,0,
Jeffrey Chan,-16013,Raiders D/ST,D/ST,12,1,2025,1,23,52.2%,2,21,0,
Justin Ho,4428557,Tyjae Spears,RB,12,2,2024/2025,2,36,33.3%,4,36.6,0,
Prashanth Balaraman,4360310,Trevor Lawrence,QB,12,1,2024,2,64,18.8%,8,113.4,1,2024
Rollin Odama-Wong,4239934,AJ Dillon,RB,12,2,2022/2023,3,30,40.0%,1,7,2,2021/2022
Rollin Odama-Wong,3917232,Tyler Bass,K,12,2,2022/2023,3,28,42.9%,12,108,1,2022
Rollin Odama-Wong,4431611,Caleb Williams,QB,12,1,2025,1,34,35.3%,11,209.7,0,
Rollin Odama-Wong,4568490,RJ Harvey,RB,12,1,2025,1,17,70.6%,5,80.3,0,
Chase Mizoguchi,-16008,Lions D/ST,D/ST,11,3,2023/2024/2025,4,18,61.1%,9,36,0,
Chase Mizoguchi,4241474,Brian Robinson Jr.,RB,11,1,2023,1,58,19.0%,2,26,0,
Chase Mizoguchi,4430027,Sam LaPorta,TE,11,1,2023,1,50,22.0%,10,147.4,0,
Christopher Pascual,4039359,Darrell Henderson Jr.,RB,11,1,2022,1,16,68.8%,4,23,1,2021
Christopher Pascual,4567048,Kenneth Walker III,RB,11,1,2022,1,67,16.4%,9,135,0,
Christopher Pascual,3046779,Jared Goff,QB,11,1,2022,1,67,16.4%,10,157,0,
Christopher Pascual,4426515,Puka Nacua,WR,11,1,2023,1,50,22.0%,10,163.1,0,
Christopher Pascual,4035687,Michael Pittman Jr.,WR,11,1,2024,1,68,16.2%,6,55.2,1,2024
Christopher Pascual,2578570,Jacoby Brissett,QB,11,1,2025,2,20,55.0%,11,211.6,0,
Darwin Hu,3124005,Zaire Franklin,LB,11,1,2023,1,24,45.8%,9,47.5,0,
Darwin Hu,15795,DeAndre Hopkins,WR,11,1,2023,1,50,22.0%,6,76.3,0,
Darwin Hu,4241474,Brian Robinson Jr.,RB,11,1,2024,1,58,19.0%,3,47.2,1,2024
Darwin Hu,4360423,Michael Penix Jr.,QB,11,1,2025,1,14,78.6%,1,12.2,1,2025
Darwin Hu,17372,Chris Boswell,K,11,1,2025,2,36,30.6%,11,92.5,1,2025
Harvey Wang,3049899,Younghoe Koo,K,11,1,2022,1,38,28.9%,11,87,0,
Harvey Wang,4362759,Nick Bolton,LB,11,2,2022/2023,2,11,100.0%,11,59.5,1,2023
Harvey Wang,4239934,AJ Dillon,RB,11,1,2023,1,30,36.7%,3,24.2,1,2023
Harvey Wang,4572680,Tucker Kraft,TE,11,2,2024/2025,2,15,73.3%,8,111.3,1,2025
Harvey Wang,4362887,Justin Fields,QB,11,1,2025,1,59,18.6%,7,102.5,1,2025
Ikaika Stone,-16020,Jets D/ST,D/ST,11,2,2023/2024,2,32,34.4%,4,35,0,
Ikaika Stone,3886598,Jauan Jennings,WR,11,2,2024/2025,2,28,39.3%,3,75.4,0,
Ikaika Stone,4242355,Jake Ferguson,TE,11,1,2024,1,42,26.2%,4,40,0,
Jeffrey Chan,4361409,Jahan Dotson,WR,11,1,2023,1,26,42.3%,2,22.9,0,
Jeffrey Chan,3932905,Diontae Johnson,WR,11,1,2024,1,45,24.4%,3,47,1,2024
Justin Ho,4426502,Drake London,WR,11,1,2022,2,66,16.7%,7,72.5,1,2022
Justin Ho,4367209,Greg Dulcich,TE,11,1,2022,1,11,100.0%,1,2,0,
Justin Ho,4047365,Josh Jacobs,RB,11,1,2023,1,68,16.2%,10,92.5,1,2021
Justin Ho,3925357,Calvin Ridley,WR,11,1,2023,1,36,30.6%,4,34.7,2,2019/2021
Justin Ho,3051876,Evan Engram,TE,11,1,2023,1,43,25.6%,9,132.3,0,
Justin Ho,4429025,Quentin Johnston,WR,11,2,2024/2025,2,27,40.7%,2,17.9,0,
Justin Ho,14881,Russell Wilson,QB,11,1,2024,1,44,25.0%,5,81.1,1,2021
Justin Ho,4575131,Jacory Croskey-Merritt,RB,11,1,2025,1,11,100.0%,2,10,1,2025
Prashanth Balaraman,4361259,Zach Wilson,QB,11,2,2022/2023,2,15,73.3%,1,4,0,
Rollin Odama-Wong,3046779,Jared Goff,QB,11,2,2022/2025,2,67,16.4%,6,105.1,1,2025
Rollin Odama-Wong,4239996,Travis Etienne Jr.,RB,11,1,2022,1,68,16.2%,9,121,0,
Rollin Odama-Wong,2330,Tom Brady,QB,11,1,2022,1,17,64.7%,9,152.5,1,2018
Rollin Odama-Wong,4429205,Jordan Addison,WR,11,1,2023,1,49,22.4%,3,63.4,0,
Rollin Odama-Wong,4426385,Zach Charbonnet,RB,11,1,2023,1,51,21.6%,0,0,0,
Rollin Odama-Wong,4040761,Devin Singletary,RB,11,2,2023/2025,2,39,28.2%,5,62.1,0,
Rollin Odama-Wong,4678008,Jonathon Brooks,RB,11,1,2024,1,14,78.6%,0,0,1,2024
Rollin Odama-Wong,3052587,Baker Mayfield,QB,11,1,2024,1,61,18.0%,8,159.4,1,2024
Rollin Odama-Wong,3116406,Tyreek Hill,WR,11,1,2024,1,55,20.0%,10,135,0,
Rollin Odama-Wong,4432665,Brock Bowers,TE,11,1,2025,1,33,33.3%,8,133.2,0,
Chase Mizoguchi,16339,Brandon McManus,K,10,1,2022,1,15,66.7%,9,62,1,2022
Christopher Pascual,4360234,Evan McPherson,K,10,1,2022,1,32,31.3%,9,62,1,2022
Christopher Pascual,-16023,Steelers D/ST,D/ST,10,2,2022/2025,2,51,19.6%,5,35,0,
Christopher Pascual,3122840,Deshaun Watson,QB,10,1,2023,1,32,31.3%,6,86.8,3,2018/2020/2023
Christopher Pascual,3886598,Jauan Jennings,WR,10,1,2024,1,28,35.7%,8,115.4,0,
Christopher Pascual,4036133,T.J. Hockenson,TE,10,1,2025,1,61,16.4%,6,43.6,2,2020/2025
Darwin Hu,4360248,Kyle Pitts Sr.,TE,10,1,2022,1,62,16.1%,3,15,0,
Darwin Hu,3051392,Ezekiel Elliott,RB,10,1,2022,1,30,33.3%,4,51.5,0,
Darwin Hu,3915511,Joe Burrow,QB,10,1,2022,1,68,14.7%,9,166,1,2020
Darwin Hu,4362887,Justin Fields,QB,10,2,2024/2025,2,59,16.9%,3,71.6,0,
Evan Fukumoto,3122976,Jeff Wilson Jr.,RB,10,2,2022/2024,2,24,41.7%,4,34.5,0,
Evan Fukumoto,4243537,Gabe Davis,WR,10,1,2023,1,34,29.4%,1,10.1,0,
Evan Fukumoto,3049899,Younghoe Koo,K,10,1,2024,2,38,26.3%,10,69.5,1,2024
Harvey Wang,3924365,Hayden Hurst,TE,10,1,2022,1,11,90.9%,0,0,0,
Harvey Wang,15965,Dustin Hopkins,K,10,1,2023,1,10,100.0%,10,91,0,
Harvey Wang,3116165,Chris Godwin Jr.,WR,10,1,2025,1,54,18.5%,1,5.6,1,2025
Ikaika Stone,3059722,Zay Jones,WR,10,2,2022/2023,2,20,50.0%,1,3,0,
Ikaika Stone,-16009,Packers D/ST,D/ST,10,2,2022/2025,3,33,30.3%,9,80,0,
Ikaika Stone,3953687,Brandon Aubrey,K,10,1,2023,1,46,21.7%,10,104,0,
Ikaika Stone,16460,Adam Thielen,WR,10,1,2024,1,42,23.8%,2,43.3,2,2018/2021
Ikaika Stone,4428331,Rashee Rice,WR,10,1,2025,1,39,25.6%,9,126.9,0,
Jeffrey Chan,3045144,Tyler Boyd,WR,10,2,2022/2023,2,24,41.7%,0,0,0,
Jeffrey Chan,2576434,Melvin Gordon III,RB,10,1,2022,1,17,58.8%,0,0,0,
Justin Ho,3128429,Courtland Sutton,WR,10,1,2022,1,68,14.7%,1,2.5,2,2019/2021
Justin Ho,4361411,Pat Freiermuth,TE,10,1,2022,1,28,35.7%,8,71,0,
Justin Ho,-16017,Patriots D/ST,D/ST,10,1,2022,1,26,38.5%,9,104,0,
Justin Ho,4595342,Oronde Gadsden,TE,10,1,2025,1,10,100.0%,5,38,0,
Prashanth Balaraman,4372414,Elijah Moore,WR,10,1,2023,2,16,62.5%,2,11.9,0,
Prashanth Balaraman,16813,Logan Thomas,TE,10,1,2023,1,12,83.3%,1,7.1,0,
Prashanth Balaraman,4635008,Keon Coleman,WR,10,1,2024,1,18,55.6%,0,0,0,
Prashanth Balaraman,4696981,Cam Skattebo,RB,10,1,2025,1,10,100.0%,3,42.8,1,2025
Prashanth Balaraman,4432773,Brian Thomas Jr.,WR,10,1,2025,1,34,29.4%,1,8.5,0,
Rollin Odama-Wong,2565969,Taylor Heinicke,QB,10,1,2022,1,14,71.4%,3,33,0,
Rollin Odama-Wong,3919117,Azeez Al-Shaair,LB,10,1,2023,1,10,100.0%,10,49.5,0,
Rollin Odama-Wong,4361418,Will Levis,QB,10,2,2023/2024,2,16,62.5%,4,28.5,0,
Chase Mizoguchi,4372485,Rondale Moore,WR,9,1,2022,2,13,69.2%,3,32,0,
Chase Mizoguchi,3125116,D'Onta Foreman,RB,9,1,2022,1,15,60.0%,6,75,0,
Chase Mizoguchi,10621,Nick Folk,K,9,1,2022,1,34,26.5%,8,64,0,
Chase Mizoguchi,4432708,Marvin Harrison Jr.,WR,9,1,2024,1,34,26.5%,7,74,1,2024
Chase Mizoguchi,4426348,Jayden Daniels,QB,9,1,2024,1,32,28.1%,9,181.7,1,2024
Christopher Pascual,4241478,DeVonta Smith,WR,9,1,2022,1,68,13.2%,5,48,0,
Christopher Pascual,-16007,Broncos D/ST,D/ST,9,1,2022,1,46,19.6%,4,-3,0,
Christopher Pascual,2576980,Marcus Mariota,QB,9,1,2025,3,22,40.9%,4,74.5,0,
Darwin Hu,4242433,Joshua Palmer,WR,9,1,2022,1,29,31.0%,4,44,0,
Darwin Hu,4569173,Rhamondre Stevenson,RB,9,1,2023,1,67,13.4%,7,99.5,1,2023
Darwin Hu,4360310,Trevor Lawrence,QB,9,1,2023,1,64,14.1%,8,121,2,2021/2023
Darwin Hu,4373626,Tyler Allgeier,RB,9,2,2023/2025,2,20,45.0%,2,14.2,1,2023
Darwin Hu,4241464,Mac Jones,QB,9,1,2023,1,28,32.1%,2,18.4,0,
Darwin Hu,4429084,Anthony Richardson,QB,9,1,2024,1,34,26.5%,1,13,0,
Darwin Hu,-16017,Patriots D/ST,D/ST,9,1,2025,3,26,34.6%,3,20,1,2025
Evan Fukumoto,3045147,James Conner,RB,9,1,2022,1,55,16.4%,6,110.5,0,
Evan Fukumoto,4240021,Cam Akers,RB,9,2,2023/2024,3,25,36.0%,2,12.4,1,2023
Evan Fukumoto,4360797,Tutu Atwell,WR,9,2,2023/2024,2,9,100.0%,0,0,0,
Evan Fukumoto,2577417,Dak Prescott,QB,9,1,2024,1,60,15.0%,5,87.9,1,2024
Evan Fukumoto,-16033,Ravens D/ST,D/ST,9,1,2025,1,51,17.6%,9,70,1,2018
Harvey Wang,3051392,Ezekiel Elliott,RB,9,1,2023,3,30,30.0%,4,69.6,1,2024
Harvey Wang,4258595,Cole Kmet,TE,9,1,2023,1,21,42.9%,6,53.9,0,
Harvey Wang,4243331,Cade Otton,TE,9,2,2024/2025,2,20,45.0%,6,87.9,0,
Harvey Wang,4688813,Josh Downs,WR,9,1,2024,1,26,34.6%,1,12.5,0,
Harvey Wang,16737,Mike Evans,WR,9,1,2025,1,64,14.1%,4,34,1,2025
Harvey Wang,4360310,Trevor Lawrence,QB,9,1,2025,1,64,14.1%,7,161.8,0,
Ikaika Stone,16486,Brett Maher,K,9,1,2022,2,15,60.0%,9,94,0,
Ikaika Stone,4372016,Jaylen Waddle,WR,9,1,2023,1,68,13.2%,8,112.2,1,2023
Ikaika Stone,15818,Keenan Allen,WR,9,1,2024,1,65,13.8%,1,6.9,1,2024
Justin Ho,3051392,Ezekiel Elliott,RB,9,2,2022/2023,2,30,30.0%,4,43,2,2022/2023
Justin Ho,4688813,Josh Downs,WR,9,2,2023/2025,2,26,34.6%,2,28.6,0,
Justin Ho,4431280,Troy Franklin,WR,9,1,2025,1,9,100.0%,6,69.1,0,
Prashanth Balaraman,3046439,Hunter Henry,TE,9,2,2022/2025,2,31,29.0%,1,7.7,3,2020/2021/2022
Prashanth Balaraman,4362081,Cameron Dicker,K,9,2,2022/2023,2,34,26.5%,8,55,0,
Prashanth Balaraman,4360238,Dameon Pierce,RB,9,1,2023,1,29,31.0%,4,38.9,1,2023
Prashanth Balaraman,16757,Derek Carr,QB,9,1,2023,1,51,17.6%,5,63.6,1,2023
Prashanth Balaraman,4242335,Jonathan Taylor,RB,9,1,2023,1,68,13.2%,4,61.1,2,2020/2023
Prashanth Balaraman,3917792,Daniel Jones,QB,9,1,2024,1,48,18.8%,4,56.1,0,
Prashanth Balaraman,4360516,Tyrone Tracy Jr.,RB,9,1,2025,1,29,31.0%,4,51.7,0,
Rollin Odama-Wong,16731,Brandin Cooks,WR,9,1,2022,1,18,50.0%,3,28,1,2022
Rollin Odama-Wong,4697815,Rachaad White,RB,9,2,2022/2025,2,52,17.3%,5,67.6,0,
Rollin Odama-Wong,4241463,Jerry Jeudy,WR,9,2,2023/2024,2,50,18.0%,0,0,1,2023
Rollin Odama-Wong,4360234,Evan McPherson,K,9,1,2023,2,32,28.1%,9,68,1,2023
Rollin Odama-Wong,4385690,Dalton Kincaid,TE,9,1,2023,1,44,20.5%,7,70.8,0,
Rollin Odama-Wong,4360310,Trevor Lawrence,QB,9,2,2023/2024,2,64,14.1%,6,123.2,0,
Rollin Odama-Wong,4047365,Josh Jacobs,RB,9,1,2024,1,68,13.2%,9,130,1,2024
Rollin Odama-Wong,4430027,Sam LaPorta,TE,9,1,2024,1,50,18.0%,7,47.2,1,2024
Rollin Odama-Wong,4373678,Khalil Shakir,WR,9,1,2024,1,30,30.0%,3,31,0,
Rollin Odama-Wong,4429615,Zay Flowers,WR,9,1,2025,1,50,18.0%,7,84.2,0,
Rollin Odama-Wong,4608686,Kyle Monangai,RB,9,1,2025,1,11,81.8%,1,22.8,0,
Chase Mizoguchi,3917792,Daniel Jones,QB,8,2,2022/2023,2,48,16.7%,2,14.9,2,2021/2022
Chase Mizoguchi,-16023,Steelers D/ST,D/ST,8,3,2022/2024/2025,3,51,15.7%,4,25,0,
Chase Mizoguchi,14880,Kirk Cousins,QB,8,2,2023/2024,2,45,17.8%,7,115.3,1,2023
Chase Mizoguchi,16757,Derek Carr,QB,8,1,2023,1,51,15.7%,7,97.3,0,
Chase Mizoguchi,4242335,Jonathan Taylor,RB,8,1,2023,1,68,11.8%,3,53,0,
Chase Mizoguchi,8439,Aaron Rodgers,QB,8,2,2023/2025,2,58,13.8%,0,0,0,
Chase Mizoguchi,4360234,Evan McPherson,K,8,1,2024,1,32,25.0%,8,56,1,2024
Chase Mizoguchi,4808766,Mason Taylor,TE,8,1,2025,1,8,100.0%,1,7,0,
Christopher Pascual,4361409,Jahan Dotson,WR,8,1,2022,1,26,30.8%,0,0,1,2022
Christopher Pascual,14012,Andy Dalton,QB,8,3,2022/2024/2025,3,19,42.1%,4,20.3,0,
Christopher Pascual,9354,Robbie Gould,K,8,1,2022,1,8,100.0%,8,76,0,
Christopher Pascual,4426388,Jameson Williams,WR,8,1,2023,1,55,14.5%,0,0,1,2023
Christopher Pascual,4429084,Anthony Richardson,QB,8,1,2024,1,34,23.5%,7,66.5,1,2024
Christopher Pascual,3059915,Kareem Hunt,RB,8,1,2024,1,47,17.0%,4,38.2,0,
Christopher Pascual,3915511,Joe Burrow,QB,8,1,2024,1,68,11.8%,7,182.4,0,
Christopher Pascual,4429059,Woody Marks,RB,8,1,2025,1,14,57.1%,3,32.5,0,
Darwin Hu,2976316,Michael Thomas,WR,8,1,2022,1,24,33.3%,2,27,1,2022
Darwin Hu,3139477,Patrick Mahomes,QB,8,1,2023,1,68,11.8%,7,109.2,0,
Darwin Hu,3821683,Austin Seibert,K,8,1,2024,1,8,100.0%,4,52,0,
Evan Fukumoto,2573079,Carson Wentz,QB,8,1,2022,2,18,44.4%,1,8,3,2019/2020/2021
Evan Fukumoto,4241464,Mac Jones,QB,8,3,2022/2024/2025,4,28,28.6%,1,15.8,0,
Evan Fukumoto,4430878,Jaxon Smith-Njigba,WR,8,1,2023,1,50,16.0%,0,0,0,
Evan Fukumoto,4241463,Jerry Jeudy,WR,8,1,2024,1,50,16.0%,1,17.4,0,
Evan Fukumoto,4429148,Theo Johnson,TE,8,1,2025,1,9,88.9%,1,14.5,0,
Harvey Wang,3128724,Isaiah McKenzie,WR,8,1,2022,1,8,100.0%,0,0,0,
Harvey Wang,4241416,Chuba Hubbard,RB,8,2,2022/2025,2,55,14.5%,0,0,0,
Harvey Wang,14881,Russell Wilson,QB,8,2,2022/2024,2,44,18.2%,1,9,2,2019/2024
Harvey Wang,16757,Derek Carr,QB,8,1,2022,1,51,15.7%,6,79,2,2019/2021
Harvey Wang,4038441,Justice Hill,RB,8,1,2023,2,10,80.0%,0,0,0,
Harvey Wang,4360078,Alec Pierce,WR,8,1,2025,1,10,80.0%,2,22.5,0,
Ikaika Stone,4035886,Khalil Herbert,RB,8,2,2022/2023,2,19,42.1%,0,0,1,2023
Ikaika Stone,4035004,Mecole Hardman,WR,8,1,2022,1,12,66.7%,0,0,0,
Ikaika Stone,15920,Latavius Murray,RB,8,1,2022,1,13,61.5%,4,42,0,
Ikaika Stone,4697815,Rachaad White,RB,8,1,2022,1,52,15.4%,4,51,0,
Ikaika Stone,4241478,DeVonta Smith,WR,8,1,2022,1,68,11.8%,5,106,0,
Ikaika Stone,3918298,Josh Allen,QB,8,1,2023,1,68,11.8%,7,159.4,0,
Ikaika Stone,4038524,Gardner Minshew,QB,8,1,2023,1,19,42.1%,2,33.3,0,
Ikaika Stone,4360438,Brandon Aiyuk,WR,8,1,2023,1,54,14.8%,8,135.2,0,
Ikaika Stone,4361307,Trey McBride,TE,8,1,2023,1,43,18.6%,3,42.8,0,
Ikaika Stone,4241372,Hollywood Brown,WR,8,2,2024/2025,3,41,19.5%,1,8,1,2024
Ikaika Stone,4701936,Matthew Golden,WR,8,1,2025,1,8,100.0%,1,11.3,1,2025
Ikaika Stone,4360310,Trevor Lawrence,QB,8,1,2025,1,64,12.5%,0,0,1,2025
Jeffrey Chan,4241457,Najee Harris,RB,8,1,2022,1,51,15.7%,7,104.5,0,
Justin Ho,4240021,Cam Akers,RB,8,1,2022,1,25,32.0%,1,0,1,2022
Justin Ho,12460,Graham Gano,K,8,1,2022,2,11,72.7%,8,61,0,
Justin Ho,3128720,Nick Chubb,RB,8,1,2023,1,58,13.8%,2,23.1,1,2023
Justin Ho,4596334,Keaton Mitchell,RB,8,1,2023,1,8,100.0%,1,5.1,0,
Justin Ho,4241463,Jerry Jeudy,WR,8,2,2023/2025,2,50,16.0%,0,0,0,
Justin Ho,2976212,Stefon Diggs,WR,8,1,2024,1,59,13.6%,8,122.4,1,2024
Justin Ho,4360569,Jordan Mason,RB,8,1,2024,1,25,32.0%,7,80.9,0,
Justin Ho,3045147,James Conner,RB,8,1,2024,1,55,14.5%,7,126.2,0,
Justin Ho,4426348,Jayden Daniels,QB,8,1,2024,1,32,25.0%,7,170.4,0,
Justin Ho,4432708,Marvin Harrison Jr.,WR,8,1,2024,1,34,23.5%,0,0,0,
Prashanth Balaraman,4567104,Will Reichard,K,8,1,2024,1,14,57.1%,5,47,0,
Prashanth Balaraman,-16021,Eagles D/ST,D/ST,8,1,2024,2,45,17.8%,8,79,0,
Prashanth Balaraman,3917232,Tyler Bass,K,8,1,2024,1,28,28.6%,7,58.5,1,2021
Rollin Odama-Wong,4035886,Khalil Herbert,RB,8,2,2022/2023,2,19,42.1%,0,0,0,
Rollin Odama-Wong,3122976,Jeff Wilson Jr.,RB,8,1,2023,1,24,33.3%,0,0,0,
Rollin Odama-Wong,4362238,Chase Brown,RB,8,1,2024,2,32,25.0%,6,115.9,0,
Rollin Odama-Wong,4430878,Jaxon Smith-Njigba,WR,8,1,2024,1,50,16.0%,7,122.5,0,
Rollin Odama-Wong,4241474,Brian Robinson Jr.,RB,8,2,2024/2025,2,58,13.8%,1,3.9,1,2025
Chase Mizoguchi,3117251,Christian McCaffrey,RB,7,2,2022/2024,2,64,10.9%,7,90.8,2,2019/2022
Chase Mizoguchi,3051876,Evan Engram,TE,7,2,2022/2023,2,43,16.3%,7,70.1,2,2019/2023
Chase Mizoguchi,4240391,Tommy DeVito,QB,7,1,2023,1,11,63.6%,1,22.5,0,
Chase Mizoguchi,4361579,Javonte Williams,RB,7,1,2024,1,54,13.0%,3,35.3,0,
Chase Mizoguchi,15795,DeAndre Hopkins,WR,7,1,2024,1,50,14.0%,4,43,1,2018
Chase Mizoguchi,3886598,Jauan Jennings,WR,7,1,2025,1,28,25.0%,0,0,1,2025
Christopher Pascual,3052587,Baker Mayfield,QB,7,1,2022,1,61,11.5%,0,0,1,2022
Christopher Pascual,-16018,Saints D/ST,D/ST,7,1,2022,1,30,23.3%,4,12,1,2022
Christopher Pascual,3116689,Cole Holcomb,LB,7,1,2022,1,7,100.0%,7,34.5,1,2022
Christopher Pascual,4360761,Michael Wilson,WR,7,1,2025,1,9,77.8%,5,109,0,
Darwin Hu,4038941,Justin Herbert,QB,7,1,2022,1,68,10.3%,7,117.5,1,2022
Darwin Hu,3128429,Courtland Sutton,WR,7,1,2022,1,68,10.3%,7,84,1,2022
Darwin Hu,4047650,DK Metcalf,WR,7,1,2022,1,67,10.4%,3,15,1,2022
Darwin Hu,4360238,Dameon Pierce,RB,7,1,2022,1,29,24.1%,2,34,1,2022
Darwin Hu,14876,Ryan Tannehill,QB,7,1,2022,1,18,38.9%,2,14,1,2022
Darwin Hu,3135321,Hunter Renfrow,WR,7,1,2022,1,8,87.5%,0,0,0,
Darwin Hu,4248528,Christian Watson,WR,7,1,2022,1,41,17.1%,4,43,0,
Darwin Hu,-16012,Chiefs D/ST,D/ST,7,3,2022/2023/2025,3,33,21.2%,3,16,0,
Darwin Hu,3051876,Evan Engram,TE,7,2,2022/2025,2,43,16.3%,5,79.6,1,2025
Darwin Hu,16720,C.J. Mosley,LB,7,1,2023,2,25,28.0%,7,34.5,1,2023
Darwin Hu,-16005,Browns D/ST,D/ST,7,2,2023/2025,3,31,22.6%,7,62,0,
Darwin Hu,4240703,Kenny Pickett,QB,7,1,2023,1,33,21.2%,1,6.6,0,
Darwin Hu,-16002,Bills D/ST,D/ST,7,2,2024/2025,3,47,14.9%,3,31,1,2021
Evan Fukumoto,3051909,Daniel Carlson,K,7,2,2022/2023,2,19,36.8%,7,71.5,2,2022/2023
Evan Fukumoto,3045144,Tyler Boyd,WR,7,1,2022,1,24,29.2%,1,6,0,
Evan Fukumoto,-16020,Jets D/ST,D/ST,7,1,2022,1,32,21.9%,6,35,0,
Evan Fukumoto,3916945,Darius Slayton,WR,7,1,2022,1,9,77.8%,1,6,0,
Evan Fukumoto,4360516,Tyrone Tracy Jr.,RB,7,1,2025,1,29,24.1%,2,14.6,1,2025
Evan Fukumoto,4430968,Kimani Vidal,RB,7,1,2025,1,8,87.5%,3,30.2,0,
Harvey Wang,-16027,Buccaneers D/ST,D/ST,7,1,2022,1,17,41.2%,7,53,1,2022
Harvey Wang,4258195,Donovan Peoples-Jones,WR,7,1,2022,1,10,70.0%,2,32,0,
Harvey Wang,4360516,Tyrone Tracy Jr.,RB,7,1,2024,1,29,24.1%,3,45.2,0,
Harvey Wang,4241479,Tua Tagovailoa,QB,7,1,2025,1,68,10.3%,2,18.1,1,2025
Ikaika Stone,4241555,Elijah Mitchell,RB,7,1,2022,1,11,63.6%,1,4,1,2022
Ikaika Stone,3055899,Harrison Butker,K,7,2,2022/2024,2,36,19.4%,7,54,1,2024
Ikaika Stone,4426354,George Pickens,WR,7,2,2022/2025,2,62,11.3%,3,57.7,0,
Ikaika Stone,3917232,Tyler Bass,K,7,1,2023,1,28,25.0%,7,56,1,2023
Ikaika Stone,-16012,Chiefs D/ST,D/ST,7,2,2023/2024,2,33,21.2%,7,61,0,
Ikaika Stone,4569173,Rhamondre Stevenson,RB,7,2,2024/2025,2,67,10.4%,2,17.3,1,2024
Ikaika Stone,4241479,Tua Tagovailoa,QB,7,1,2025,1,68,10.3%,0,0,0,
Jeffrey Chan,2572861,J.D. McKissic,RB,7,1,2022,1,7,100.0%,1,0,0,
Jeffrey Chan,16799,Allen Robinson II,WR,7,1,2022,1,12,58.3%,0,0,0,
Jeffrey Chan,4427238,Dillon Gabriel,QB,7,1,2025,2,9,77.8%,1,20.1,0,
Justin Ho,-16009,Packers D/ST,D/ST,7,1,2022,1,33,21.2%,7,40,1,2022
Justin Ho,2577327,Tyler Lockett,WR,7,1,2022,1,47,14.9%,3,41,0,
Justin Ho,3917315,Kyler Murray,QB,7,2,2022/2025,2,61,11.5%,6,86.5,1,2025
Justin Ho,3040150,Josey Jewell,LB,7,2,2022/2023,2,7,100.0%,7,32,1,2023
Justin Ho,4040761,Devin Singletary,RB,7,1,2024,1,39,17.9%,0,0,1,2024
Prashanth Balaraman,4241464,Mac Jones,QB,7,2,2022/2024,4,28,25.0%,2,31,1,2022
Prashanth Balaraman,4242214,Clyde Edwards-Helaire,RB,7,1,2022,1,11,63.6%,3,31,0,
Prashanth Balaraman,3930086,Dawson Knox,TE,7,1,2022,1,14,50.0%,3,3.5,0,
Prashanth Balaraman,-16011,Colts D/ST,D/ST,7,1,2025,1,17,41.2%,6,43,0,
Rollin Odama-Wong,4361579,Javonte Williams,RB,7,2,2022/2024,2,54,13.0%,4,39,2,2022/2024
Rollin Odama-Wong,3121544,T.J. Edwards,LB,7,1,2022,1,25,28.0%,7,32,0,
Rollin Odama-Wong,4360635,Chigoziem Okonkwo,TE,7,2,2022/2023,2,7,100.0%,3,28.5,0,
Rollin Odama-Wong,4239993,Tee Higgins,WR,7,1,2023,1,68,10.3%,4,36.9,1,2023
Rollin Odama-Wong,15795,DeAndre Hopkins,WR,7,2,2023/2024,2,50,14.0%,1,3,1,2023
Rollin Odama-Wong,4243537,Gabe Davis,WR,7,1,2023,1,34,20.6%,1,21.2,1,2023
Rollin Odama-Wong,-16012,Chiefs D/ST,D/ST,7,3,2023/2024/2025,4,33,21.2%,7,74,0,
Rollin Odama-Wong,4432773,Brian Thomas Jr.,WR,7,1,2025,1,34,20.6%,6,65.6,1,2025
Chase Mizoguchi,-16024,Chargers D/ST,D/ST,6,1,2022,1,23,26.1%,2,21,1,2022
Chase Mizoguchi,-16018,Saints D/ST,D/ST,6,2,2022/2024,2,30,20.0%,5,40,1,2024
Chase Mizoguchi,3121427,Curtis Samuel,WR,6,3,2022/2023/2024,4,26,23.1%,3,30.4,0,
Chase Mizoguchi,4426388,Jameson Williams,WR,6,2,2024/2025,2,55,10.9%,2,37.2,1,2025
Christopher Pascual,2330,Tom Brady,QB,6,1,2022,1,17,35.3%,6,91,1,2022
Christopher Pascual,4239996,Travis Etienne Jr.,RB,6,1,2022,1,68,8.8%,2,19,1,2022
Christopher Pascual,-16014,Rams D/ST,D/ST,6,1,2022,1,18,33.3%,5,24,0,
Christopher Pascual,11237,Matt Ryan,QB,6,1,2022,1,13,46.2%,1,21,0,
Christopher Pascual,3124005,Zaire Franklin,LB,6,1,2022,1,24,25.0%,5,28,0,
Christopher Pascual,4360569,Jordan Mason,RB,6,2,2022/2025,2,25,24.0%,2,13.8,0,
Christopher Pascual,4429025,Quentin Johnston,WR,6,1,2023,1,27,22.2%,0,0,0,
Christopher Pascual,16733,Odell Beckham Jr.,WR,6,1,2023,1,12,50.0%,2,10.7,0,
Christopher Pascual,4361579,Javonte Williams,RB,6,1,2024,1,54,11.1%,1,2.4,0,
Christopher Pascual,4569587,Wan'Dale Robinson,WR,6,1,2024,1,28,21.4%,1,9.7,0,
Christopher Pascual,3046439,Hunter Henry,TE,6,1,2025,1,31,19.4%,2,35.8,0,
Darwin Hu,4258595,Cole Kmet,TE,6,1,2022,2,21,28.6%,1,13,1,2022
Darwin Hu,12731,Ryan Succop,K,6,1,2022,1,10,60.0%,6,62,1,2022
Darwin Hu,3918330,Logan Wilson,LB,6,2,2022/2023,2,6,100.0%,6,22.5,1,2022
Darwin Hu,4361411,Pat Freiermuth,TE,6,1,2022,1,28,21.4%,5,51.5,0,
Darwin Hu,-16030,Jaguars D/ST,D/ST,6,2,2022/2023,2,22,27.3%,2,2,1,2019
Darwin Hu,4429205,Jordan Addison,WR,6,1,2023,1,49,12.2%,1,11.7,1,2023
Darwin Hu,4426385,Zach Charbonnet,RB,6,1,2023,1,51,11.8%,0,0,1,2023
Darwin Hu,-16028,Commanders D/ST,D/ST,6,2,2023/2024,2,19,31.6%,3,12,0,
Darwin Hu,-16021,Eagles D/ST,D/ST,6,2,2023/2025,3,45,13.3%,4,6,0,
Darwin Hu,4366031,Tank Dell,WR,6,1,2023,1,28,21.4%,4,65.5,0,
Darwin Hu,3052587,Baker Mayfield,QB,6,1,2024,1,61,9.8%,5,104.7,1,2021
Darwin Hu,4035687,Michael Pittman Jr.,WR,6,1,2024,1,68,8.8%,0,0,0,
Evan Fukumoto,4040655,Darnell Mooney,WR,6,1,2022,1,29,20.7%,2,2,1,2022
Evan Fukumoto,3929645,Juwan Johnson,TE,6,1,2022,1,27,22.2%,1,13,0,
Evan Fukumoto,4047650,DK Metcalf,WR,6,1,2022,1,67,9.0%,6,92,0,
Evan Fukumoto,4038941,Justin Herbert,QB,6,1,2022,1,68,8.8%,6,91,0,
Evan Fukumoto,4241474,Brian Robinson Jr.,RB,6,2,2023/2024,2,58,10.3%,4,40.6,1,2023
Evan Fukumoto,2972515,Cooper Rush,QB,6,1,2024,1,9,66.7%,2,31.8,0,
Evan Fukumoto,4429059,Woody Marks,RB,6,1,2025,1,14,42.9%,1,2.4,0,
Harvey Wang,3138826,Fred Warner,LB,6,2,2022/2023,2,10,60.0%,6,21.5,1,2022
Harvey Wang,3050478,Jake Elliott,K,6,2,2022/2025,2,35,17.1%,6,40.5,1,2025
Harvey Wang,3125116,D'Onta Foreman,RB,6,1,2023,1,15,40.0%,3,54.8,0,
Harvey Wang,4427095,DeMario Douglas,WR,6,1,2023,1,9,66.7%,0,0,0,
Harvey Wang,4362249,Jayden Reed,WR,6,1,2023,1,26,23.1%,1,5.6,0,
Harvey Wang,3116406,Tyreek Hill,WR,6,1,2024,1,55,10.9%,4,47.8,1,2024
Harvey Wang,4569987,Jaylen Warren,RB,6,2,2024/2025,2,47,12.8%,1,1.1,2,2024/2025
Harvey Wang,4428557,Tyjae Spears,RB,6,1,2024,1,36,16.7%,0,0,1,2024
Harvey Wang,3054212,Jonnu Smith,TE,6,1,2024,1,11,54.5%,5,78.3,0,
Ikaika Stone,4249087,Matt Gay,K,6,1,2022,1,14,42.9%,6,40,2,2021/2022
Ikaika Stone,2573401,Tyler Higbee,TE,6,1,2022,1,12,50.0%,5,32,0,
Ikaika Stone,3042519,Aaron Jones Sr.,RB,6,1,2022,1,68,8.8%,6,82,0,
Ikaika Stone,4567156,Treylon Burks,WR,6,1,2022,1,9,66.7%,0,0,0,
Ikaika Stone,4240703,Kenny Pickett,QB,6,2,2022/2023,2,33,18.2%,1,15.2,0,
Ikaika Stone,3886812,Jake Browning,QB,6,1,2023,1,9,66.7%,5,103.8,0,
Ikaika Stone,17427,Cairo Santos,K,6,1,2025,1,10,60.0%,6,53,0,
Jeffrey Chan,3121023,Dallas Goedert,TE,6,1,2024,1,60,10.0%,2,18.4,0,
Justin Ho,3122976,Jeff Wilson Jr.,RB,6,1,2022,1,24,25.0%,3,31,0,
Justin Ho,4360294,Antonio Gibson,RB,6,1,2022,1,25,24.0%,3,29,0,
Justin Ho,3126349,Rashaan Evans,LB,6,1,2022,1,9,66.7%,5,31.5,0,
Justin Ho,4362628,Ja'Marr Chase,WR,6,1,2023,1,68,8.8%,6,124.3,1,2023
Justin Ho,4241457,Najee Harris,RB,6,1,2023,1,51,11.8%,3,15.6,2,2021/2023
Justin Ho,4249087,Matt Gay,K,6,1,2023,2,14,42.9%,6,44,0,
Justin Ho,2612151,Alex Singleton,LB,6,1,2023,1,6,100.0%,6,38,0,
Justin Ho,4685415,Travis Hunter,WR,6,1,2025,1,9,66.7%,1,9.8,1,2025
Justin Ho,4248528,Christian Watson,WR,6,1,2025,1,41,14.6%,6,85.5,0,
Prashanth Balaraman,4040655,Darnell Mooney,WR,6,2,2022/2023,2,29,20.7%,2,29.5,0,
Prashanth Balaraman,4361529,Isiah Pacheco,RB,6,1,2022,2,57,10.5%,0,0,0,
Prashanth Balaraman,3051381,Mike White,QB,6,1,2022,1,6,100.0%,3,37,0,
Rollin Odama-Wong,14881,Russell Wilson,QB,6,1,2022,1,44,13.6%,5,74,2,2018/2022
Rollin Odama-Wong,-16033,Ravens D/ST,D/ST,6,1,2022,1,51,11.8%,3,15,0,
Rollin Odama-Wong,4241985,J.K. Dobbins,RB,6,2,2022/2023,2,50,12.0%,3,29.7,1,2023
Rollin Odama-Wong,3046439,Hunter Henry,TE,6,2,2022/2024,2,31,19.4%,4,41.2,0,
Rollin Odama-Wong,3124005,Zaire Franklin,LB,6,1,2023,1,24,25.0%,6,42.5,1,2023
Rollin Odama-Wong,-16024,Chargers D/ST,D/ST,6,3,2023/2024/2025,3,23,26.1%,5,68,1,2019
Rollin Odama-Wong,3042519,Aaron Jones Sr.,RB,6,1,2023,1,68,8.8%,2,28.5,0,
Rollin Odama-Wong,4569618,Garrett Wilson,WR,6,1,2024,1,68,8.8%,4,76,1,2024
Rollin Odama-Wong,4243331,Cade Otton,TE,6,2,2024/2025,3,20,30.0%,4,31.4,0,
Rollin Odama-Wong,11252,Joe Flacco,QB,6,2,2024/2025,2,16,37.5%,3,61.2,0,
Rollin Odama-Wong,4431452,Drake Maye,QB,6,1,2024,1,29,20.7%,0,0,0,
Chase Mizoguchi,4242873,Eno Benjamin,RB,5,1,2022,1,5,100.0%,1,8,0,
Chase Mizoguchi,-16020,Jets D/ST,D/ST,5,2,2022/2024,2,32,15.6%,5,19,0,
Chase Mizoguchi,-16012,Chiefs D/ST,D/ST,5,3,2022/2024/2025,3,33,15.2%,5,37,0,
Chase Mizoguchi,4239086,Desmond Ridder,QB,5,2,2022/2023,2,14,35.7%,3,23.2,0,
Chase Mizoguchi,-16027,Buccaneers D/ST,D/ST,5,3,2022/2024/2025,4,17,29.4%,5,50,0,
Chase Mizoguchi,3051926,Gus Edwards,RB,5,1,2024,2,28,17.9%,0,0,1,2024
Chase Mizoguchi,4432665,Brock Bowers,TE,5,1,2025,1,33,15.2%,4,44,1,2025
Chase Mizoguchi,4596448,Bucky Irving,RB,5,1,2025,1,33,15.2%,4,72,1,2025
Chase Mizoguchi,4431611,Caleb Williams,QB,5,1,2025,1,34,14.7%,4,82.1,1,2025
Chase Mizoguchi,15864,Geno Smith,QB,5,1,2025,2,60,8.3%,0,0,0,
Chase Mizoguchi,4371733,Kenneth Gainwell,RB,5,1,2025,1,14,35.7%,2,30.6,0,
Christopher Pascual,3119195,Chase Edmonds,RB,5,1,2022,1,5,100.0%,1,4,1,2022
Christopher Pascual,3115306,Josh Reynolds,WR,5,1,2022,1,7,71.4%,0,0,0,
Christopher Pascual,16486,Brett Maher,K,5,1,2023,1,15,33.3%,5,43,0,
Christopher Pascual,4037626,Divine Deablo,LB,5,1,2023,1,5,100.0%,5,16.5,0,
Christopher Pascual,4362887,Justin Fields,QB,5,1,2023,1,59,8.5%,4,84.1,0,
Christopher Pascual,3929630,Saquon Barkley,RB,5,1,2023,1,68,7.4%,4,57,1,2019
Christopher Pascual,3895856,Christian Kirk,WR,5,1,2023,1,42,11.9%,1,3.6,0,
Christopher Pascual,-16025,49ers D/ST,D/ST,5,1,2025,1,60,8.3%,5,22,0,
Darwin Hu,-16019,Giants D/ST,D/ST,5,2,2022/2025,3,10,50.0%,4,14,0,
Darwin Hu,3691739,Derwin James Jr.,S,5,1,2022,1,8,62.5%,5,29.5,0,
Darwin Hu,16760,Jimmy Garoppolo,QB,5,1,2022,1,19,26.3%,4,54,0,
Darwin Hu,4427728,Bam Knight,RB,5,1,2022,1,10,50.0%,0,0,0,
Darwin Hu,-16026,Seahawks D/ST,D/ST,5,3,2022/2023/2024,3,25,20.0%,5,26,1,2024
Darwin Hu,4361050,Isaiah Likely,TE,5,1,2023,2,8,62.5%,3,55.5,0,
Darwin Hu,4431299,Rome Odunze,WR,5,1,2024,1,26,19.2%,0,0,1,2024
Darwin Hu,4372066,Jake Moody,K,5,1,2024,1,17,29.4%,5,57,1,2024
Darwin Hu,3150744,Chase McLaughlin,K,5,1,2024,1,29,17.2%,5,56,0,
Evan Fukumoto,4372414,Elijah Moore,WR,5,2,2022/2023,2,16,31.3%,0,0,2,2022/2023
Evan Fukumoto,4242546,Davis Mills,QB,5,1,2022,2,11,45.5%,0,0,1,2022
Evan Fukumoto,-16003,Bears D/ST,D/ST,5,2,2022/2025,2,11,45.5%,4,26,0,
Evan Fukumoto,4426354,George Pickens,WR,5,1,2022,1,62,8.1%,1,0,0,
Evan Fukumoto,-16015,Dolphins D/ST,D/ST,5,1,2022,2,32,15.6%,2,6,0,
Evan Fukumoto,15920,Latavius Murray,RB,5,2,2022/2023,2,13,38.5%,0,0,1,2018
Evan Fukumoto,3117253,Bobby Okereke,LB,5,1,2023,1,7,71.4%,5,25.5,0,
Evan Fukumoto,4239086,Desmond Ridder,QB,5,1,2023,1,14,35.7%,2,34.2,0,
Evan Fukumoto,3045282,T.J. Watt,DE,5,1,2023,1,6,83.3%,5,17.5,0,
Evan Fukumoto,4426515,Puka Nacua,WR,5,1,2023,1,50,10.0%,5,99.9,0,
Evan Fukumoto,3046439,Hunter Henry,TE,5,1,2024,1,31,16.1%,0,0,0,
Evan Fukumoto,4685247,Braelon Allen,RB,5,1,2024,1,10,50.0%,1,12.1,0,
Harvey Wang,4035434,Devin White,LB,5,1,2022,1,7,71.4%,5,17,0,
Harvey Wang,4240021,Cam Akers,RB,5,2,2022/2024,2,25,20.0%,2,19.3,0,
Harvey Wang,3915511,Joe Burrow,QB,5,1,2023,1,68,7.4%,3,23.8,1,2023
Harvey Wang,3045144,Tyler Boyd,WR,5,1,2023,1,24,20.8%,0,0,3,2020/2021/2023
Harvey Wang,-16001,Falcons D/ST,D/ST,5,2,2023/2025,3,16,31.3%,5,17,0,
Harvey Wang,3150744,Chase McLaughlin,K,5,1,2024,1,29,17.2%,5,36,0,
Ikaika Stone,16799,Allen Robinson II,WR,5,1,2022,1,12,41.7%,2,6,1,2022
Ikaika Stone,2576434,Melvin Gordon III,RB,5,1,2022,1,17,29.4%,0,0,0,
Ikaika Stone,3916433,Jakobi Meyers,WR,5,1,2022,1,61,8.2%,1,11,0,
Ikaika Stone,4035676,Zack Moss,RB,5,1,2023,1,26,19.2%,1,9,1,2023
Ikaika Stone,4683062,Xavier Worthy,WR,5,1,2024,1,27,18.5%,2,10.8,0,
Ikaika Stone,3045147,James Conner,RB,5,1,2024,1,55,9.1%,5,69.6,0,
Ikaika Stone,-16024,Chargers D/ST,D/ST,5,2,2024/2025,2,23,21.7%,3,30,0,
Ikaika Stone,-16025,49ers D/ST,D/ST,5,1,2025,2,60,8.3%,5,24,1,2025
Jeffrey Chan,-16005,Browns D/ST,D/ST,5,1,2022,1,31,16.1%,4,18,0,
Jeffrey Chan,3930086,Dawson Knox,TE,5,1,2022,1,14,35.7%,0,0,0,
Jeffrey Chan,-16001,Falcons D/ST,D/ST,5,1,2023,1,16,31.3%,4,23,0,
Jeffrey Chan,3929645,Juwan Johnson,TE,5,1,2023,1,27,18.5%,2,14.8,0,
Jeffrey Chan,4241401,Trey Sermon,RB,5,1,2024,1,7,71.4%,1,5.9,0,
Jeffrey Chan,4426339,Spencer Rattler,QB,5,1,2025,1,6,83.3%,1,16.1,0,
Justin Ho,3040180,De'Vondre Campbell,LB,5,1,2022,1,6,83.3%,5,20.5,1,2022
Justin Ho,15795,DeAndre Hopkins,WR,5,1,2022,1,50,10.0%,0,0,0,
Justin Ho,3916433,Jakobi Meyers,WR,5,1,2022,1,61,8.2%,1,7,0,
Justin Ho,14876,Ryan Tannehill,QB,5,1,2022,2,18,27.8%,1,10,0,
Justin Ho,4362081,Cameron Dicker,K,5,2,2023/2024,2,34,14.7%,5,32.5,1,2023
Justin Ho,4430027,Sam LaPorta,TE,5,1,2023,1,50,10.0%,4,59.3,0,
Justin Ho,4366031,Tank Dell,WR,5,1,2023,1,28,17.9%,0,0,0,
Justin Ho,4362851,Ernest Jones,LB,5,1,2023,1,5,100.0%,5,25.5,0,
Justin Ho,4569173,Rhamondre Stevenson,RB,5,1,2024,1,67,7.5%,2,21.6,0,
Prashanth Balaraman,14012,Andy Dalton,QB,5,1,2022,1,19,26.3%,1,6,0,
Prashanth Balaraman,4260394,Aidan O'Connell,QB,5,1,2023,2,13,38.5%,0,0,0,
Prashanth Balaraman,4361418,Will Levis,QB,5,1,2024,1,16,31.3%,4,34.3,0,
Prashanth Balaraman,4568490,RJ Harvey,RB,5,1,2025,1,17,29.4%,1,7.9,1,2025
Prashanth Balaraman,-16030,Jaguars D/ST,D/ST,5,1,2025,2,22,22.7%,5,46,0,
Rollin Odama-Wong,14979,Bobby Wagner,LB,5,1,2022,1,23,21.7%,5,23.5,3,2018/2021/2022
Rollin Odama-Wong,4248528,Christian Watson,WR,5,2,2022/2024,2,41,12.2%,0,0,0,
Rollin Odama-Wong,4373626,Tyler Allgeier,RB,5,3,2022/2024/2025,5,20,25.0%,0,0,0,
Rollin Odama-Wong,-16020,Jets D/ST,D/ST,5,2,2022/2024,2,32,15.6%,5,41,1,2024
Rollin Odama-Wong,4240600,Kadarius Toney,WR,5,1,2022,1,8,62.5%,1,0,0,
Rollin Odama-Wong,4258595,Cole Kmet,TE,5,2,2022/2023,2,21,23.8%,5,29.1,0,
Rollin Odama-Wong,4045163,Miles Sanders,RB,5,1,2023,1,24,20.8%,3,36.7,1,2023
Rollin Odama-Wong,4430737,Kyren Williams,RB,5,1,2023,1,61,8.2%,4,65.7,0,
Rollin Odama-Wong,4372066,Jake Moody,K,5,1,2023,1,17,29.4%,5,40,0,
Rollin Odama-Wong,4428331,Rashee Rice,WR,5,1,2024,1,39,12.8%,4,66.9,1,2024
Rollin Odama-Wong,4685247,Braelon Allen,RB,5,2,2024/2025,3,10,50.0%,0,0,1,2025
Rollin Odama-Wong,15818,Keenan Allen,WR,5,1,2024,1,65,7.7%,2,13.5,0,
Rollin Odama-Wong,2976499,Amari Cooper,WR,5,1,2024,1,51,9.8%,1,0,1,2021
Rollin Odama-Wong,15864,Geno Smith,QB,5,1,2025,1,60,8.3%,2,15.7,1,2025
Rollin Odama-Wong,4431459,Tyler Warren,TE,5,1,2025,1,17,29.4%,4,51.4,1,2025
Rollin Odama-Wong,4682652,Devin Neal,RB,5,1,2025,1,5,100.0%,0,0,0,
Chase Mizoguchi,3116164,Mike Gesicki,TE,4,2,2022/2024,3,8,50.0%,1,18.6,3,2020/2021/2022
Chase Mizoguchi,4035004,Mecole Hardman,WR,4,2,2022/2023,3,12,33.3%,0,0,0,
Chase Mizoguchi,4243009,Mykal Walker,LB,4,1,2022,2,4,100.0%,4,19,0,
Chase Mizoguchi,3916903,Dre Greenlaw,LB,4,1,2022,1,4,100.0%,4,22.5,0,
Chase Mizoguchi,3115394,DJ Chark Jr.,WR,4,1,2023,1,5,80.0%,0,0,1,2020
Chase Mizoguchi,4688813,Josh Downs,WR,4,1,2023,3,26,15.4%,0,0,0,
Chase Mizoguchi,2976560,Danielle Hunter,DE,4,1,2023,1,4,100.0%,4,12.5,0,
Chase Mizoguchi,4361777,Zamir White,RB,4,1,2024,1,6,66.7%,0,0,1,2024
Chase Mizoguchi,4242557,Colby Parkinson,TE,4,1,2024,1,5,80.0%,3,14.6,0,
Chase Mizoguchi,4360569,Jordan Mason,RB,4,1,2024,1,25,16.0%,0,0,0,
Chase Mizoguchi,4429025,Quentin Johnston,WR,4,1,2024,1,27,14.8%,0,0,0,
Chase Mizoguchi,3126486,Deebo Samuel,WR,4,1,2024,1,68,5.9%,1,9.6,0,
Chase Mizoguchi,-16021,Eagles D/ST,D/ST,4,1,2025,1,45,8.9%,2,11,2,2018/2025
Christopher Pascual,2991662,Mack Hollins,WR,4,1,2022,1,5,80.0%,1,3,0,
Christopher Pascual,4361741,Brock Purdy,QB,4,1,2022,1,55,7.3%,4,69,0,
Christopher Pascual,3059722,Zay Jones,WR,4,1,2023,2,20,20.0%,1,10.9,0,
Christopher Pascual,4372066,Jake Moody,K,4,1,2023,1,17,23.5%,3,22,0,
Christopher Pascual,4239934,AJ Dillon,RB,4,1,2023,1,30,13.3%,1,9.7,0,
Christopher Pascual,16731,Brandin Cooks,WR,4,1,2023,1,18,22.2%,1,5.7,2,2018/2021
Christopher Pascual,3045147,James Conner,RB,4,1,2024,1,55,7.3%,4,60.5,1,2024
Christopher Pascual,12483,Matthew Stafford,QB,4,1,2024,1,66,6.1%,2,19.5,2,2019/2024
Christopher Pascual,4242355,Jake Ferguson,TE,4,1,2024,1,42,9.5%,3,31.9,1,2024
Christopher Pascual,4635008,Keon Coleman,WR,4,1,2024,1,18,22.2%,0,0,1,2024
Christopher Pascual,4241985,J.K. Dobbins,RB,4,1,2024,1,50,8.0%,2,28.5,1,2024
Christopher Pascual,4035676,Zack Moss,RB,4,1,2024,1,26,15.4%,1,17.8,1,2024
Christopher Pascual,4429013,Tank Bigsby,RB,4,1,2024,1,11,36.4%,0,0,1,2023
Christopher Pascual,10621,Nick Folk,K,4,1,2024,1,34,11.8%,4,10,0,
Christopher Pascual,4685472,Tetairoa McMillan,WR,4,1,2025,1,17,23.5%,4,45.8,1,2025
Christopher Pascual,4426354,George Pickens,WR,4,1,2025,1,62,6.5%,1,6,1,2025
Christopher Pascual,4688380,Cam Ward,QB,4,1,2025,1,9,44.4%,0,0,1,2025
Christopher Pascual,2977187,Cooper Kupp,WR,4,1,2025,1,56,7.1%,1,5.1,2,2020/2025
Christopher Pascual,4360248,Kyle Pitts Sr.,TE,4,1,2025,1,62,6.5%,4,83.4,0,
Darwin Hu,3129310,Drue Tranquill,LB,4,1,2022,1,5,80.0%,4,23.5,0,
Darwin Hu,3046439,Hunter Henry,TE,4,1,2023,1,31,12.9%,0,0,0,
Darwin Hu,4243331,Cade Otton,TE,4,1,2023,1,20,20.0%,1,8.9,0,
Darwin Hu,-16024,Chargers D/ST,D/ST,4,2,2024/2025,3,23,17.4%,3,27,1,2020
Darwin Hu,4428331,Rashee Rice,WR,4,1,2025,1,39,10.3%,0,0,1,2025
Darwin Hu,4428209,Ricky Pearsall,WR,4,1,2025,1,21,19.0%,2,17.8,1,2025
Darwin Hu,4371733,Kenneth Gainwell,RB,4,1,2025,1,14,28.6%,1,4,0,
Evan Fukumoto,13982,Julio Jones,WR,4,1,2022,1,4,100.0%,0,0,0,
Evan Fukumoto,4036348,Michael Gallup,WR,4,1,2022,1,7,57.1%,0,0,1,2021
Evan Fukumoto,4569587,Wan'Dale Robinson,WR,4,1,2022,1,28,14.3%,1,3,0,
Evan Fukumoto,12731,Ryan Succop,K,4,1,2022,1,10,40.0%,4,26,0,
Evan Fukumoto,-16022,Cardinals D/ST,D/ST,4,2,2022/2024,2,8,50.0%,1,9,0,
Evan Fukumoto,4722893,Jaleel McLaughlin,RB,4,1,2023,1,6,66.7%,0,0,0,
Evan Fukumoto,3054212,Jonnu Smith,TE,4,1,2023,1,11,36.4%,2,8.5,0,
Evan Fukumoto,15795,DeAndre Hopkins,WR,4,1,2024,1,50,8.0%,0,0,1,2024
Evan Fukumoto,3953687,Brandon Aubrey,K,4,1,2024,1,46,8.7%,4,45,0,
Evan Fukumoto,4040761,Devin Singletary,RB,4,1,2025,1,39,10.3%,0,0,0,
Harvey Wang,3915486,Tyler Conklin,TE,4,2,2022/2024,2,5,80.0%,2,14.5,0,
Harvey Wang,2578570,Jacoby Brissett,QB,4,1,2022,1,20,20.0%,4,45.5,0,
Harvey Wang,-16012,Chiefs D/ST,D/ST,4,1,2022,1,33,12.1%,4,31,0,
Harvey Wang,4360234,Evan McPherson,K,4,1,2022,1,32,12.5%,4,15,0,
Harvey Wang,16782,Jerick McKinnon,RB,4,2,2022/2023,2,9,44.4%,2,34,1,2023
Harvey Wang,3953687,Brandon Aubrey,K,4,1,2023,1,46,8.7%,4,37,0,
Harvey Wang,4259166,Terrel Bernard,LB,4,1,2023,1,6,66.7%,4,19.5,0,
Harvey Wang,4361411,Pat Freiermuth,TE,4,1,2023,1,28,14.3%,1,5.9,0,
Harvey Wang,3121544,T.J. Edwards,LB,4,1,2023,1,25,16.0%,4,14,0,
Harvey Wang,4259619,Blake Grupe,K,4,1,2024,2,10,40.0%,4,16.5,0,
Harvey Wang,4569587,Wan'Dale Robinson,WR,4,1,2024,1,28,14.3%,2,26,0,
Harvey Wang,4372561,Isaac Guerendo,RB,4,1,2024,1,5,80.0%,3,52.2,0,
Harvey Wang,3929630,Saquon Barkley,RB,4,1,2025,1,68,5.9%,4,62.7,2,2021/2025
Harvey Wang,4241463,Jerry Jeudy,WR,4,1,2025,1,50,8.0%,0,0,2,2021/2025
Harvey Wang,4635008,Keon Coleman,WR,4,1,2025,1,18,22.2%,0,0,1,2025
Harvey Wang,4360248,Kyle Pitts Sr.,TE,4,1,2025,1,62,6.5%,3,13.7,0,
Harvey Wang,3059915,Kareem Hunt,RB,4,1,2025,1,47,8.5%,1,20,0,
Ikaika Stone,4360939,Rashod Bateman,WR,4,1,2022,1,9,44.4%,0,0,0,
Ikaika Stone,2578570,Jacoby Brissett,QB,4,1,2022,2,20,20.0%,4,72,1,2019
Ikaika Stone,14012,Andy Dalton,QB,4,1,2022,1,19,21.1%,0,0,0,
Ikaika Stone,-16028,Commanders D/ST,D/ST,4,2,2023/2024,3,19,21.1%,4,36,1,2023
Ikaika Stone,4688813,Josh Downs,WR,4,2,2023/2024,2,26,15.4%,2,35.4,0,
Ikaika Stone,4239993,Tee Higgins,WR,4,1,2024,1,68,5.9%,0,0,1,2024
Ikaika Stone,4373678,Khalil Shakir,WR,4,1,2024,1,30,13.3%,1,10.2,0,
Ikaika Stone,4369863,Cedric Tillman,WR,4,1,2024,1,6,66.7%,0,0,0,
Ikaika Stone,4240391,Tommy DeVito,QB,4,1,2024,1,11,36.4%,0,0,0,
Ikaika Stone,4260394,Aidan O'Connell,QB,4,1,2024,1,13,30.8%,2,24.3,0,
Ikaika Stone,4612826,Ladd McConkey,WR,4,1,2025,1,34,11.8%,4,33.4,1,2025
Ikaika Stone,3925357,Calvin Ridley,WR,4,1,2025,1,36,11.1%,1,6.7,1,2025
Ikaika Stone,4360569,Jordan Mason,RB,4,1,2025,1,25,16.0%,1,10.2,1,2025
Jeffrey Chan,3120348,JuJu Smith-Schuster,WR,4,1,2023,1,25,16.0%,0,0,1,2023
Jeffrey Chan,15880,Robert Woods,WR,4,1,2023,1,9,44.4%,0,0,0,
Jeffrey Chan,4258620,Andre Szmyt,K,4,1,2025,1,4,100.0%,1,3,1,2025
Jeffrey Chan,4361529,Isiah Pacheco,RB,4,1,2025,1,57,7.0%,4,21.8,0,
Justin Ho,4038941,Justin Herbert,QB,4,1,2022,1,68,5.9%,3,41,0,
Justin Ho,4242431,Ty Chandler,RB,4,1,2024,1,10,40.0%,0,0,0,
Justin Ho,4572680,Tucker Kraft,TE,4,1,2024,1,15,26.7%,2,28.3,0,
Justin Ho,4362887,Justin Fields,QB,4,1,2024,1,59,6.8%,0,0,0,
Justin Ho,4890973,Ashton Jeanty,RB,4,1,2025,1,17,23.5%,4,59.2,1,2025
Justin Ho,4688380,Cam Ward,QB,4,1,2025,1,9,44.4%,3,48.1,0,
Justin Ho,3116165,Chris Godwin Jr.,WR,4,1,2025,1,54,7.4%,0,0,0,
Prashanth Balaraman,11237,Matt Ryan,QB,4,1,2022,1,13,30.8%,3,33,1,2021
Prashanth Balaraman,3049899,Younghoe Koo,K,4,1,2023,1,38,10.5%,4,26,1,2023
Prashanth Balaraman,4259619,Blake Grupe,K,4,1,2023,1,10,40.0%,4,32,0,
Prashanth Balaraman,4429615,Zay Flowers,WR,4,1,2025,1,50,8.0%,0,0,0,
Prashanth Balaraman,4362619,Chris Rodriguez Jr.,RB,4,1,2025,1,4,100.0%,1,5.2,0,
Rollin Odama-Wong,3055899,Harrison Butker,K,4,2,2022/2024,3,36,11.1%,4,18,0,
Rollin Odama-Wong,3051926,Gus Edwards,RB,4,1,2022,1,28,14.3%,0,0,0,
Rollin Odama-Wong,2473037,Jason Myers,K,4,2,2022/2023,2,26,15.4%,4,34.5,0,
Rollin Odama-Wong,4361411,Pat Freiermuth,TE,4,1,2023,1,28,14.3%,4,27.3,1,2023
Rollin Odama-Wong,4426386,Roschon Johnson,RB,4,1,2023,1,8,50.0%,0,0,1,2023
Rollin Odama-Wong,4038524,Gardner Minshew,QB,4,1,2023,1,19,21.1%,1,9.6,0,
Rollin Odama-Wong,4039359,Darrell Henderson Jr.,RB,4,1,2023,1,16,25.0%,2,24.4,0,
Rollin Odama-Wong,3120348,JuJu Smith-Schuster,WR,4,1,2024,1,25,16.0%,1,0,1,2019
Rollin Odama-Wong,4567104,Will Reichard,K,4,2,2024/2025,2,14,28.6%,4,45,0,
Rollin Odama-Wong,16737,Mike Evans,WR,4,1,2025,1,64,6.3%,2,26.2,0,
Chase Mizoguchi,3115364,Leonard Fournette,RB,3,1,2022,1,18,16.7%,3,34.5,2,2018/2022
Chase Mizoguchi,4360248,Kyle Pitts Sr.,TE,3,1,2022,1,62,4.8%,3,19,0,
Chase Mizoguchi,4361423,Micah Parsons,LB,3,1,2022,1,4,75.0%,3,13,1,2022
Chase Mizoguchi,3139925,Rashaad Penny,RB,3,2,2022/2023,2,6,50.0%,0,0,1,2023
Chase Mizoguchi,-16028,Commanders D/ST,D/ST,3,2,2022/2024,3,19,15.8%,3,44,0,
Chase Mizoguchi,3915416,DJ Moore,WR,3,1,2022,1,68,4.4%,2,42,0,
Chase Mizoguchi,4361741,Brock Purdy,QB,3,1,2023,1,55,5.5%,0,0,1,2023
Chase Mizoguchi,4242431,Ty Chandler,RB,3,1,2023,3,10,30.0%,0,0,1,2023
Chase Mizoguchi,4032473,Rashid Shaheed,WR,3,1,2023,2,12,25.0%,0,0,0,
Chase Mizoguchi,-16001,Falcons D/ST,D/ST,3,2,2023/2024,2,16,18.8%,2,42,0,
Chase Mizoguchi,4242433,Joshua Palmer,WR,3,1,2024,1,29,10.3%,1,3.5,1,2024
Chase Mizoguchi,-16004,Bengals D/ST,D/ST,3,1,2024,1,12,25.0%,2,22,0,
Chase Mizoguchi,4429013,Tank Bigsby,RB,3,1,2024,1,11,27.3%,0,0,0,
Chase Mizoguchi,4432577,C.J. Stroud,QB,3,1,2024,1,51,5.9%,2,22.2,0,
Chase Mizoguchi,4429615,Zay Flowers,WR,3,1,2025,1,50,6.0%,3,46.3,1,2025
Chase Mizoguchi,4360689,Tyler Shough,QB,3,1,2025,1,5,60.0%,3,47,0,
Chase Mizoguchi,4427728,Bam Knight,RB,3,1,2025,1,10,30.0%,1,-0.2,0,
Christopher Pascual,4241820,Sam Ehlinger,QB,3,1,2022,1,3,100.0%,1,7,0,
Christopher Pascual,3121410,Parris Campbell,WR,3,1,2022,1,4,75.0%,0,0,0,
Christopher Pascual,-16010,Titans D/ST,D/ST,3,2,2022/2024,2,10,30.0%,1,14,0,
Christopher Pascual,4249836,Pierre Strong Jr.,RB,3,1,2022,1,3,100.0%,0,0,0,
Christopher Pascual,4373626,Tyler Allgeier,RB,3,2,2022/2025,2,20,15.0%,0,0,0,
Christopher Pascual,3045138,Mike Williams,WR,3,1,2023,1,21,14.3%,3,50.2,1,2023
Christopher Pascual,-16020,Jets D/ST,D/ST,3,1,2023,1,32,9.4%,2,1,1,2023
Christopher Pascual,-16030,Jaguars D/ST,D/ST,3,1,2023,1,22,13.6%,1,14,1,2018
Christopher Pascual,4367178,Dorian Thompson-Robinson,QB,3,1,2023,2,3,100.0%,0,0,0,
Christopher Pascual,3110565,Quincy Williams,LB,3,1,2023,1,4,75.0%,3,10.5,0,
Christopher Pascual,-16013,Raiders D/ST,D/ST,3,1,2023,1,23,13.0%,0,0,0,
Christopher Pascual,3138826,Fred Warner,LB,3,1,2023,1,10,30.0%,3,14.5,0,
Christopher Pascual,4360423,Michael Penix Jr.,QB,3,1,2024,2,14,21.4%,0,0,0,
Christopher Pascual,4569382,Jordan Whittington,WR,3,1,2024,1,3,100.0%,1,5.8,0,
Christopher Pascual,4360516,Tyrone Tracy Jr.,RB,3,1,2024,1,29,10.3%,1,22.7,0,
Christopher Pascual,11252,Joe Flacco,QB,3,1,2024,2,16,18.8%,2,16.7,0,
Christopher Pascual,14880,Kirk Cousins,QB,3,1,2025,1,45,6.7%,0,0,1,2020
Darwin Hu,-16015,Dolphins D/ST,D/ST,3,1,2022,1,32,9.4%,3,19,0,
Darwin Hu,2969939,Jameis Winston,QB,3,2,2022/2025,2,20,15.0%,0,0,0,
Darwin Hu,4035671,Tyler Huntley,QB,3,2,2022/2024,2,5,60.0%,2,10,0,
Darwin Hu,-16010,Titans D/ST,D/ST,3,2,2022/2024,2,10,30.0%,2,10,0,
Darwin Hu,3040151,George Kittle,TE,3,1,2023,1,68,4.4%,3,26.9,1,2023
Darwin Hu,4361409,Jahan Dotson,WR,3,1,2023,1,26,11.5%,0,0,1,2023
Darwin Hu,-16018,Saints D/ST,D/ST,3,2,2023/2024,2,30,10.0%,2,27,0,
Darwin Hu,11252,Joe Flacco,QB,3,1,2023,1,16,18.8%,0,0,0,
Darwin Hu,-16007,Broncos D/ST,D/ST,3,1,2023,1,46,6.5%,2,14,0,
Darwin Hu,3046779,Jared Goff,QB,3,1,2024,1,67,4.5%,3,34.7,2,2018/2024
Darwin Hu,4683062,Xavier Worthy,WR,3,1,2024,1,27,11.1%,0,0,1,2024
Darwin Hu,-16003,Bears D/ST,D/ST,3,2,2024/2025,2,11,27.3%,2,24,0,
Darwin Hu,3124679,Jason Sanders,K,3,1,2024,1,4,75.0%,3,38,0,
Darwin Hu,4240657,Michael Carter,RB,3,1,2025,2,22,13.6%,0,0,0,
Darwin Hu,4685415,Travis Hunter,WR,3,1,2025,1,9,33.3%,0,0,0,
Darwin Hu,4032473,Rashid Shaheed,WR,3,1,2025,1,12,25.0%,1,14.5,0,
Darwin Hu,4887558,Emanuel Wilson,RB,3,1,2025,1,5,60.0%,0,0,0,
Evan Fukumoto,3128390,Allen Lazard,WR,3,1,2022,1,17,17.6%,1,9,0,
Evan Fukumoto,15880,Robert Woods,WR,3,2,2022/2023,2,9,33.3%,0,0,1,2019
Evan Fukumoto,4035886,Khalil Herbert,RB,3,1,2022,1,19,15.8%,2,11,0,
Evan Fukumoto,4385690,Dalton Kincaid,TE,3,1,2023,1,44,6.8%,0,0,1,2023
Evan Fukumoto,4379416,Quay Walker,LB,3,1,2023,1,3,100.0%,3,15,0,
Evan Fukumoto,4434153,Tyson Bagent,QB,3,1,2023,1,3,100.0%,1,7.7,0,
Evan Fukumoto,3116389,Samaje Perine,RB,3,2,2023/2024,2,9,33.3%,1,2.6,0,
Evan Fukumoto,4242431,Ty Chandler,RB,3,1,2023,1,10,30.0%,2,17.1,0,
Evan Fukumoto,3120590,Easton Stick,QB,3,1,2023,1,3,100.0%,0,0,0,
Evan Fukumoto,3121409,Noah Brown,WR,3,1,2023,1,7,42.9%,0,0,0,
Evan Fukumoto,4428209,Ricky Pearsall,WR,3,1,2024,1,21,14.3%,0,0,0,
Evan Fukumoto,2468609,Taysom Hill,TE,3,1,2024,1,19,15.8%,1,41.5,1,2021
Evan Fukumoto,4047646,A.J. Brown,WR,3,1,2025,1,68,4.4%,3,32.4,1,2025
Evan Fukumoto,3886812,Jake Browning,QB,3,1,2025,1,9,33.3%,1,5.9,0,
Evan Fukumoto,4571557,Spencer Shrader,K,3,1,2025,1,3,100.0%,3,22,0,
Harvey Wang,3055899,Harrison Butker,K,3,1,2022,1,36,8.3%,1,9,1,2022
Harvey Wang,4567156,Treylon Burks,WR,3,1,2022,1,9,33.3%,0,0,0,
Harvey Wang,3051308,PJ Walker,QB,3,1,2022,1,5,60.0%,2,12,0,
Harvey Wang,-16011,Colts D/ST,D/ST,3,1,2022,1,17,17.6%,3,15,0,
Harvey Wang,3917792,Daniel Jones,QB,3,1,2023,1,48,6.3%,3,39.7,2,2020/2023
Harvey Wang,3916433,Jakobi Meyers,WR,3,1,2023,1,61,4.9%,0,0,1,2023
Harvey Wang,4239086,Desmond Ridder,QB,3,1,2023,1,14,21.4%,1,6.3,1,2023
Harvey Wang,3121427,Curtis Samuel,WR,3,1,2023,1,26,11.5%,1,6.5,0,
Harvey Wang,-16030,Jaguars D/ST,D/ST,3,1,2023,2,22,13.6%,2,8,0,
Harvey Wang,4426338,Bo Nix,QB,3,1,2024,2,32,9.4%,2,24.4,0,
Harvey Wang,4048244,Alexander Mattison,RB,3,1,2024,2,36,8.3%,0,0,0,
Harvey Wang,4032473,Rashid Shaheed,WR,3,1,2024,1,12,25.0%,2,34.8,0,
Harvey Wang,4430104,Sincere McCormick,RB,3,1,2024,1,3,100.0%,0,0,0,
Harvey Wang,2985659,Wil Lutz,K,3,1,2024,1,25,12.0%,3,26,0,
Harvey Wang,4599739,Kendre Miller,RB,3,1,2025,1,7,42.9%,0,0,0,
Harvey Wang,4428331,Rashee Rice,WR,3,1,2025,1,39,7.7%,1,23.2,0,
Harvey Wang,14163,Tyrod Taylor,QB,3,1,2025,1,5,60.0%,0,0,1,2018
Harvey Wang,4686361,Cam Little,K,3,1,2025,1,3,100.0%,3,30,0,
Harvey Wang,4430539,Brenton Strange,TE,3,1,2025,1,4,75.0%,1,6.2,0,
Ikaika Stone,3116593,Dalvin Cook,RB,3,1,2022,1,21,14.3%,3,32,1,2022
Ikaika Stone,16737,Mike Evans,WR,3,1,2022,1,64,4.7%,2,27.5,2,2020/2022
Ikaika Stone,3917315,Kyler Murray,QB,3,1,2022,1,61,4.9%,3,56,1,2022
Ikaika Stone,4242214,Clyde Edwards-Helaire,RB,3,1,2022,1,11,27.3%,2,29,1,2022
Ikaika Stone,3120348,JuJu Smith-Schuster,WR,3,1,2022,1,25,12.0%,2,17,1,2021
Ikaika Stone,3139925,Rashaad Penny,RB,3,1,2022,1,6,50.0%,0,0,1,2018
Ikaika Stone,4372485,Rondale Moore,WR,3,1,2022,1,13,23.1%,0,0,0,
Ikaika Stone,2573079,Carson Wentz,QB,3,1,2022,1,18,16.7%,3,30,0,
Ikaika Stone,-16016,Vikings D/ST,D/ST,3,2,2022/2024,3,24,12.5%,3,37,2,2018/2024
Ikaika Stone,4242546,Davis Mills,QB,3,1,2022,2,11,27.3%,2,26,0,
Ikaika Stone,4239934,AJ Dillon,RB,3,1,2022,1,30,10.0%,1,10,0,
Ikaika Stone,16731,Brandin Cooks,WR,3,1,2023,1,18,16.7%,0,0,1,2023
Ikaika Stone,3116389,Samaje Perine,RB,3,1,2023,1,9,33.3%,0,0,1,2023
Ikaika Stone,4426386,Roschon Johnson,RB,3,1,2023,1,8,37.5%,0,0,0,
Ikaika Stone,3916566,K.J. Osborn,WR,3,1,2023,1,5,60.0%,0,0,0,
Ikaika Stone,4241463,Jerry Jeudy,WR,3,2,2023/2025,2,50,6.0%,0,0,0,
Ikaika Stone,-16034,Texans D/ST,D/ST,3,2,2023/2024,3,26,11.5%,3,20,0,
Ikaika Stone,-16014,Rams D/ST,D/ST,3,1,2023,1,18,16.7%,3,19,0,
Ikaika Stone,4248528,Christian Watson,WR,3,1,2024,1,41,7.3%,0,0,0,
Ikaika Stone,4678008,Jonathon Brooks,RB,3,1,2024,1,14,21.4%,0,0,0,
Ikaika Stone,4426338,Bo Nix,QB,3,1,2024,1,32,9.4%,3,56.4,0,
Ikaika Stone,2473037,Jason Myers,K,3,1,2025,1,26,11.5%,3,23.5,0,
Ikaika Stone,4362249,Jayden Reed,WR,3,1,2025,1,26,11.5%,0,0,0,
Ikaika Stone,17372,Chris Boswell,K,3,1,2025,1,36,8.3%,3,21,1,2020
Ikaika Stone,4241416,Chuba Hubbard,RB,3,1,2025,1,55,5.5%,0,0,0,
Jeffrey Chan,17372,Chris Boswell,K,3,1,2023,1,36,8.3%,1,3,0,
Jeffrey Chan,4047650,DK Metcalf,WR,3,1,2024,1,67,4.5%,3,27.7,1,2021
Jeffrey Chan,4569173,Rhamondre Stevenson,RB,3,1,2024,1,67,4.5%,3,21.9,1,2022
Jeffrey Chan,4035538,David Montgomery,RB,3,1,2025,1,68,4.4%,1,13.1,1,2025
Jeffrey Chan,4361370,Chris Olave,WR,3,1,2025,1,68,4.4%,0,0,1,2025
Justin Ho,3116365,Mark Andrews,TE,3,1,2022,1,68,4.4%,3,63,1,2022
Justin Ho,4241389,CeeDee Lamb,WR,3,2,2022/2023,2,68,4.4%,3,41,2,2022/2023
Justin Ho,4241985,J.K. Dobbins,RB,3,1,2022,1,50,6.0%,0,0,1,2022
Justin Ho,10621,Nick Folk,K,3,1,2022,1,34,8.8%,3,15,1,2022
Justin Ho,4567048,Kenneth Walker III,RB,3,1,2022,1,67,4.5%,0,0,0,
Justin Ho,4243256,Devin Lloyd,LB,3,1,2022,1,3,100.0%,3,9.5,0,
Justin Ho,2979843,Kenyan Drake,RB,3,1,2022,1,4,75.0%,2,30,0,
Justin Ho,4241555,Elijah Mitchell,RB,3,1,2022,1,11,27.3%,0,0,0,
Justin Ho,16733,Odell Beckham Jr.,WR,3,1,2022,1,12,25.0%,0,0,0,
Justin Ho,-16030,Jaguars D/ST,D/ST,3,1,2023,1,22,13.6%,2,18,0,
Justin Ho,3916655,Maxx Crosby,DE,3,1,2023,1,4,75.0%,3,16.5,0,
Justin Ho,-16004,Bengals D/ST,D/ST,3,1,2025,1,12,25.0%,3,21,0,
Prashanth Balaraman,4047646,A.J. Brown,WR,3,1,2022,1,68,4.4%,3,55,1,2022
Prashanth Balaraman,2574808,Robbie Anderson,WR,3,1,2022,1,3,100.0%,0,0,0,
Prashanth Balaraman,4361409,Jahan Dotson,WR,3,1,2022,1,26,11.5%,0,0,0,
Prashanth Balaraman,2576925,Darren Waller,TE,3,1,2023,1,36,8.3%,3,25.7,1,2023
Prashanth Balaraman,4430878,Jaxon Smith-Njigba,WR,3,1,2023,1,50,6.0%,0,0,1,2023
Prashanth Balaraman,3121409,Noah Brown,WR,3,1,2023,1,7,42.9%,0,0,0,
Prashanth Balaraman,-16014,Rams D/ST,D/ST,3,3,2023/2024/2025,3,18,16.7%,3,22,0,
Prashanth Balaraman,3116165,Chris Godwin Jr.,WR,3,1,2023,1,54,5.6%,1,13.9,0,
Prashanth Balaraman,4431611,Caleb Williams,QB,3,1,2024,1,34,8.8%,3,31.9,1,2024
Prashanth Balaraman,-16006,Cowboys D/ST,D/ST,3,1,2024,1,35,8.6%,3,13,1,2024
Prashanth Balaraman,3050478,Jake Elliott,K,3,1,2024,1,35,8.6%,3,17,2,2018/2024
Prashanth Balaraman,4032473,Rashid Shaheed,WR,3,2,2024/2025,2,12,25.0%,0,0,0,
Prashanth Balaraman,4430034,Xavier Legette,WR,3,1,2024,1,4,75.0%,2,13.1,0,
Prashanth Balaraman,4431299,Rome Odunze,WR,3,1,2024,1,26,11.5%,0,0,0,
Prashanth Balaraman,-16022,Cardinals D/ST,D/ST,3,1,2025,1,8,37.5%,3,22,2,2018/2025
Prashanth Balaraman,3123052,Michael Badgley,K,3,1,2025,1,3,100.0%,3,27,0,
Rollin Odama-Wong,2573079,Carson Wentz,QB,3,1,2022,2,18,16.7%,0,0,1,2022
Rollin Odama-Wong,3916430,Nyheim Hines,RB,3,1,2022,1,3,100.0%,0,0,0,
Rollin Odama-Wong,4360939,Rashod Bateman,WR,3,2,2022/2024,2,9,33.3%,0,0,0,
Rollin Odama-Wong,4569987,Jaylen Warren,RB,3,2,2022/2023,2,47,6.4%,0,0,1,2023
Rollin Odama-Wong,2573401,Tyler Higbee,TE,3,1,2022,2,12,25.0%,2,12,0,
Rollin Odama-Wong,3116389,Samaje Perine,RB,3,1,2022,1,9,33.3%,2,38,0,
Rollin Odama-Wong,3126349,Rashaan Evans,LB,3,1,2022,1,9,33.3%,3,12,0,
Rollin Odama-Wong,4361432,Romeo Doubs,WR,3,1,2023,2,32,9.4%,1,1.4,1,2023
Rollin Odama-Wong,4371733,Kenneth Gainwell,RB,3,1,2023,1,14,21.4%,0,0,0,
Rollin Odama-Wong,-16008,Lions D/ST,D/ST,3,2,2023/2025,2,18,16.7%,3,23,0,
Rollin Odama-Wong,-16011,Colts D/ST,D/ST,3,1,2023,1,17,17.6%,3,14,0,
Rollin Odama-Wong,-16002,Bills D/ST,D/ST,3,2,2024/2025,3,47,6.4%,3,22,0,
Rollin Odama-Wong,4429025,Quentin Johnston,WR,3,1,2024,1,27,11.1%,0,0,0,
Rollin Odama-Wong,-16034,Texans D/ST,D/ST,3,1,2024,1,26,11.5%,3,37,0,
Rollin Odama-Wong,3127292,Will Dissly,TE,3,1,2024,1,3,100.0%,0,0,0,
Rollin Odama-Wong,4362081,Cameron Dicker,K,3,1,2024,1,34,8.8%,3,33,0,
Rollin Odama-Wong,4250764,Stone Smartt,TE,3,1,2024,1,3,100.0%,2,14.7,0,
Rollin Odama-Wong,3123076,David Njoku,TE,3,1,2025,2,51,5.9%,2,12.5,1,2025
Rollin Odama-Wong,4882093,Bhayshul Tuten,RB,3,1,2025,1,4,75.0%,0,0,0,
Rollin Odama-Wong,-16017,Patriots D/ST,D/ST,3,1,2025,1,26,11.5%,3,39,0,
Rollin Odama-Wong,3117256,Dalton Schultz,TE,3,1,2025,2,40,7.5%,1,4.4,0,
Rollin Odama-Wong,4685278,Luther Burden III,WR,3,1,2025,1,3,100.0%,0,0,0,
Chase Mizoguchi,11237,Matt Ryan,QB,2,1,2022,1,13,15.4%,1,15.5,3,2018/2019/2022
Chase Mizoguchi,11252,Joe Flacco,QB,2,2,2022/2023,2,16,12.5%,0,0,0,
Chase Mizoguchi,4039050,Devin Duvernay,WR,2,1,2022,1,3,66.7%,0,0,0,
Chase Mizoguchi,-16007,Broncos D/ST,D/ST,2,1,2022,2,46,4.3%,2,20,0,
Chase Mizoguchi,4361050,Isaiah Likely,TE,2,1,2022,2,8,25.0%,1,9,0,
Chase Mizoguchi,4426502,Drake London,WR,2,1,2022,1,66,3.0%,0,0,0,
Chase Mizoguchi,3843945,Foster Moreau,TE,2,1,2022,1,2,100.0%,0,0,0,
Chase Mizoguchi,3043116,Demarcus Robinson,WR,2,1,2022,1,3,66.7%,0,0,0,
Chase Mizoguchi,4036348,Michael Gallup,WR,2,1,2022,1,7,28.6%,0,0,0,
Chase Mizoguchi,-16013,Raiders D/ST,D/ST,2,2,2022/2023,2,23,8.7%,2,26,0,
Chase Mizoguchi,4242546,Davis Mills,QB,2,2,2022/2025,2,11,18.2%,1,16.4,0,
Chase Mizoguchi,14881,Russell Wilson,QB,2,1,2022,1,44,4.5%,2,29,0,
Chase Mizoguchi,16733,Odell Beckham Jr.,WR,2,1,2023,1,12,16.7%,0,0,1,2023
Chase Mizoguchi,4360294,Antonio Gibson,RB,2,2,2023/2024,2,25,8.0%,1,8.5,0,
Chase Mizoguchi,14012,Andy Dalton,QB,2,1,2024,1,19,10.5%,0,0,0,
Chase Mizoguchi,4035676,Zack Moss,RB,2,1,2024,1,26,7.7%,2,8.7,0,
Chase Mizoguchi,4241478,DeVonta Smith,WR,2,1,2025,1,68,2.9%,0,0,0,
Chase Mizoguchi,4240657,Michael Carter,RB,2,1,2025,1,22,9.1%,0,0,0,
Chase Mizoguchi,4429022,Kayshon Boutte,WR,2,1,2025,1,2,100.0%,0,0,0,
Chase Mizoguchi,4432762,Shedeur Sanders,QB,2,1,2025,1,4,50.0%,0,0,0,
Chase Mizoguchi,-16014,Rams D/ST,D/ST,2,1,2025,1,18,11.1%,2,8,2,2019/2021
Chase Mizoguchi,4429435,Brady Cook,QB,2,1,2025,1,2,100.0%,1,8.9,0,
Chase Mizoguchi,5529,Philip Rivers,QB,2,1,2025,1,2,100.0%,1,6.8,1,2020
Christopher Pascual,4242433,Joshua Palmer,WR,2,1,2022,2,29,6.9%,1,15.5,0,
Christopher Pascual,4361777,Zamir White,RB,2,2,2022/2023,2,6,33.3%,0,0,0,
Christopher Pascual,2580216,DeAndre Carter,WR,2,1,2022,2,3,66.7%,0,0,0,
Christopher Pascual,3056362,Shaquille Leonard,LB,2,1,2022,1,3,66.7%,2,6.5,0,
Christopher Pascual,4258195,Donovan Peoples-Jones,WR,2,1,2022,1,10,20.0%,0,0,0,
Christopher Pascual,3138677,Leighton Vander Esch,LB,2,1,2022,1,2,100.0%,2,5,0,
Christopher Pascual,4035434,Devin White,LB,2,1,2022,1,7,28.6%,1,2.5,0,
Christopher Pascual,14877,Nick Foles,QB,2,1,2022,1,2,100.0%,0,0,1,2020
Christopher Pascual,2980453,Jamaal Williams,RB,2,1,2023,1,18,11.1%,1,2.9,1,2023
Christopher Pascual,2473037,Jason Myers,K,2,1,2023,1,26,7.7%,2,12,1,2023
Christopher Pascual,3117253,Bobby Okereke,LB,2,1,2023,1,7,28.6%,2,7.5,1,2023
Christopher Pascual,16339,Brandon McManus,K,2,1,2023,1,15,13.3%,1,16,0,
Christopher Pascual,4259166,Terrel Bernard,LB,2,1,2023,1,6,33.3%,2,8.5,0,
Christopher Pascual,4043130,Jordyn Brooks,LB,2,1,2023,1,19,10.5%,2,5.5,0,
Christopher Pascual,4361411,Pat Freiermuth,TE,2,1,2024,1,28,7.1%,1,7.9,0,
Christopher Pascual,4714365,Carson Steele,RB,2,1,2024,1,2,100.0%,0,0,0,
Christopher Pascual,4249417,Jalen Tolbert,WR,2,1,2024,1,3,66.7%,0,0,0,
Christopher Pascual,2574511,Brandon Allen,QB,2,1,2024,1,2,100.0%,1,9,0,
Christopher Pascual,3929645,Juwan Johnson,TE,2,1,2024,1,27,7.4%,1,15,0,
Christopher Pascual,4372019,Jerome Ford,RB,2,1,2024,1,24,8.3%,0,0,0,
Christopher Pascual,-16008,Lions D/ST,D/ST,2,1,2025,1,18,11.1%,2,11,1,2025
Christopher Pascual,-16017,Patriots D/ST,D/ST,2,1,2025,1,26,7.7%,2,15,1,2020
Christopher Pascual,2573079,Carson Wentz,QB,2,1,2025,1,18,11.1%,1,21.2,0,
Christopher Pascual,4685279,Jaydon Blue,RB,2,1,2025,1,2,100.0%,0,0,0,
Christopher Pascual,4249087,Matt Gay,K,2,1,2025,1,14,14.3%,2,2,0,
Christopher Pascual,4035671,Tyler Huntley,QB,2,1,2025,1,5,40.0%,1,16.7,0,
Christopher Pascual,4360689,Tyler Shough,QB,2,1,2025,1,5,40.0%,2,39,0,
Christopher Pascual,-16012,Chiefs D/ST,D/ST,2,1,2025,1,33,6.1%,2,5,0,
Darwin Hu,3930086,Dawson Knox,TE,2,2,2022/2025,2,14,14.3%,2,9.9,1,2022
Darwin Hu,-16011,Colts D/ST,D/ST,2,1,2022,1,17,11.8%,2,6,1,2022
Darwin Hu,3059722,Zay Jones,WR,2,1,2022,1,20,10.0%,0,0,0,
Darwin Hu,4040432,L'Jarius Sneed,CB,2,1,2022,1,2,100.0%,2,8,0,
Darwin Hu,4240455,Deon Jackson,RB,2,1,2022,2,2,100.0%,2,32,1,2023
Darwin Hu,4038524,Gardner Minshew,QB,2,1,2022,1,19,10.5%,2,34.5,0,
Darwin Hu,3929645,Juwan Johnson,TE,2,1,2023,1,27,7.4%,0,0,0,
Darwin Hu,-16008,Lions D/ST,D/ST,2,1,2023,2,18,11.1%,2,15,0,
Darwin Hu,4421446,Craig Reynolds,RB,2,1,2023,1,3,66.7%,1,3.5,0,
Darwin Hu,16782,Jerick McKinnon,RB,2,1,2023,1,9,22.2%,0,0,0,
Darwin Hu,3059915,Kareem Hunt,RB,2,1,2024,1,47,4.3%,1,18.7,0,
Darwin Hu,4360516,Tyrone Tracy Jr.,RB,2,1,2024,1,29,6.9%,0,0,0,
Darwin Hu,4569682,Audric Estime,RB,2,1,2024,1,3,66.7%,0,0,0,
Darwin Hu,4723086,Colston Loveland,TE,2,1,2025,2,3,66.7%,0,0,1,2025
Darwin Hu,4429013,Tank Bigsby,RB,2,1,2025,2,11,18.2%,0,0,1,2025
Darwin Hu,4372071,Hassan Haskins,RB,2,1,2025,1,2,100.0%,0,0,0,
Darwin Hu,3117256,Dalton Schultz,TE,2,1,2025,1,40,5.0%,1,1.8,0,
Darwin Hu,4360569,Jordan Mason,RB,2,1,2025,1,25,8.0%,0,0,0,
Darwin Hu,4259619,Blake Grupe,K,2,1,2025,1,10,20.0%,2,16,0,
Evan Fukumoto,4383351,Trey Lance,QB,2,1,2022,1,3,66.7%,2,11.5,1,2022
Evan Fukumoto,4360939,Rashod Bateman,WR,2,1,2022,1,9,22.2%,0,0,0,
Evan Fukumoto,-16014,Rams D/ST,D/ST,2,2,2022/2025,2,18,11.1%,2,25,0,
Evan Fukumoto,14876,Ryan Tannehill,QB,2,1,2022,1,18,11.1%,1,19.5,0,
Evan Fukumoto,3929950,Tremaine Edmunds,LB,2,1,2023,1,2,100.0%,2,11.5,2,2019/2023
Evan Fukumoto,2573401,Tyler Higbee,TE,2,1,2023,1,12,16.7%,2,12.1,1,2023
Evan Fukumoto,4428085,Luke Musgrave,TE,2,1,2023,1,2,100.0%,2,10.5,0,
Evan Fukumoto,-16013,Raiders D/ST,D/ST,2,1,2023,1,23,8.7%,2,16,0,
Evan Fukumoto,2565969,Taylor Heinicke,QB,2,1,2023,1,14,14.3%,2,24.3,0,
Evan Fukumoto,3129446,Robert Spillane,LB,2,1,2023,1,2,100.0%,2,12,0,
Evan Fukumoto,4428850,Dontayvion Wicks,WR,2,1,2024,1,2,100.0%,0,0,0,
Evan Fukumoto,4427095,DeMario Douglas,WR,2,1,2024,1,9,22.2%,0,0,0,
Evan Fukumoto,4035676,Zack Moss,RB,2,1,2024,1,26,7.7%,0,0,0,
Evan Fukumoto,3929785,Nick Westbrook-Ikhine,WR,2,1,2024,2,2,100.0%,0,0,0,
Evan Fukumoto,2985659,Wil Lutz,K,2,1,2024,1,25,8.0%,2,33,0,
Evan Fukumoto,-16016,Vikings D/ST,D/ST,2,1,2025,1,24,8.3%,2,10,1,2025
Evan Fukumoto,3055899,Harrison Butker,K,2,1,2025,1,36,5.6%,2,16,2,2019/2025
Evan Fukumoto,8439,Aaron Rodgers,QB,2,1,2025,1,58,3.4%,1,10.4,0,
Evan Fukumoto,4369863,Cedric Tillman,WR,2,1,2025,1,6,33.3%,0,0,0,
Harvey Wang,3139033,Mike Boone,RB,2,1,2022,1,2,100.0%,0,0,0,
Harvey Wang,2468609,Taysom Hill,TE,2,2,2022/2025,2,19,10.5%,1,3,0,
Harvey Wang,-16028,Commanders D/ST,D/ST,2,2,2022/2025,2,19,10.5%,2,13,0,
Harvey Wang,4361259,Zach Wilson,QB,2,2,2022/2023,2,15,13.3%,2,8.2,0,
Harvey Wang,4361579,Javonte Williams,RB,2,1,2023,1,54,3.7%,0,0,1,2023
Harvey Wang,12460,Graham Gano,K,2,1,2023,1,11,18.2%,2,5,2,2018/2023
Harvey Wang,3116593,Dalvin Cook,RB,2,1,2023,1,21,9.5%,0,0,0,
Harvey Wang,4373809,Jevon Holland,S,2,1,2023,1,2,100.0%,2,5,0,
Harvey Wang,4362478,Emari Demercado,RB,2,2,2023/2025,2,4,50.0%,2,9.3,0,
Harvey Wang,4362087,Keaontay Ingram,RB,2,1,2023,1,3,66.7%,0,0,0,
Harvey Wang,-16004,Bengals D/ST,D/ST,2,1,2024,2,12,16.7%,2,17,1,2024
Harvey Wang,2473037,Jason Myers,K,2,1,2024,1,26,7.7%,2,22,1,2024
Harvey Wang,4038524,Gardner Minshew,QB,2,1,2024,1,19,10.5%,1,14,0,
Harvey Wang,4372066,Jake Moody,K,2,1,2024,1,17,11.8%,2,10,0,
Harvey Wang,-16033,Ravens D/ST,D/ST,2,1,2025,1,51,3.9%,1,16,1,2025
Harvey Wang,2573079,Carson Wentz,QB,2,1,2025,2,18,11.1%,1,7.8,0,
Harvey Wang,2576925,Darren Waller,TE,2,1,2025,1,36,5.6%,0,0,0,
Harvey Wang,3045523,Kendrick Bourne,WR,2,1,2025,1,5,40.0%,1,19.2,0,
Harvey Wang,4431268,Chimere Dike,WR,2,1,2025,2,2,100.0%,0,0,0,
Harvey Wang,4432620,Parker Washington,WR,2,1,2025,1,3,66.7%,0,0,0,
Harvey Wang,4433970,J.J. McCarthy,QB,2,1,2025,1,15,13.3%,1,8.3,0,
Ikaika Stone,-16033,Ravens D/ST,D/ST,2,1,2022,1,51,3.9%,1,7,2,2020/2022
Ikaika Stone,-16004,Bengals D/ST,D/ST,2,2,2022/2024,2,12,16.7%,2,18,0,
Ikaika Stone,4360078,Alec Pierce,WR,2,1,2022,1,10,20.0%,0,0,0,
Ikaika Stone,3045144,Tyler Boyd,WR,2,1,2022,1,24,8.3%,0,0,0,
Ikaika Stone,14876,Ryan Tannehill,QB,2,1,2022,1,18,11.1%,0,0,1,2020
Ikaika Stone,4046692,Chase Claypool,WR,2,1,2022,1,4,50.0%,0,0,0,
Ikaika Stone,3910544,Joshua Kelley,RB,2,1,2023,1,2,100.0%,1,2.7,0,
Ikaika Stone,-16019,Giants D/ST,D/ST,2,1,2023,2,10,20.0%,2,-3,0,
Ikaika Stone,4430878,Jaxon Smith-Njigba,WR,2,1,2023,2,50,4.0%,0,0,0,
Ikaika Stone,4371733,Kenneth Gainwell,RB,2,1,2023,1,14,14.3%,0,0,0,
Ikaika Stone,4045163,Miles Sanders,RB,2,1,2023,1,24,8.3%,0,0,0,
Ikaika Stone,4362238,Chase Brown,RB,2,1,2024,1,32,6.3%,0,0,1,2024
Ikaika Stone,3051392,Ezekiel Elliott,RB,2,1,2024,1,30,6.7%,0,0,0,
Ikaika Stone,-16013,Raiders D/ST,D/ST,2,1,2024,1,23,8.7%,1,-4,0,
Ikaika Stone,-16010,Titans D/ST,D/ST,2,1,2024,1,10,20.0%,1,12,0,
Ikaika Stone,15835,Zach Ertz,TE,2,2,2024/2025,2,46,4.3%,2,9.8,0,
Ikaika Stone,-16015,Dolphins D/ST,D/ST,2,2,2024/2025,2,32,6.3%,2,23,0,
Ikaika Stone,3924327,Drew Lock,QB,2,1,2024,1,2,100.0%,0,0,1,2020
Ikaika Stone,4430834,Jalen McMillan,WR,2,1,2024,1,3,66.7%,0,0,0,
Ikaika Stone,4599739,Kendre Miller,RB,2,1,2024,1,7,28.6%,0,0,0,
Ikaika Stone,2985659,Wil Lutz,K,2,1,2025,1,25,8.0%,2,11,1,2025
Ikaika Stone,11122,Matt Prater,K,2,1,2025,1,5,40.0%,2,14,0,
Jeffrey Chan,4036131,Noah Fant,TE,2,1,2022,1,2,100.0%,1,3,1,2022
Jeffrey Chan,-16029,Panthers D/ST,D/ST,2,1,2022,1,4,50.0%,2,13,0,
Jeffrey Chan,16720,C.J. Mosley,LB,2,2,2022/2023,2,25,8.0%,2,10,0,
Jeffrey Chan,-16028,Commanders D/ST,D/ST,2,1,2023,1,19,10.5%,2,0,0,
Jeffrey Chan,2576623,DeVante Parker,WR,2,1,2023,1,2,100.0%,0,0,1,2018
Jeffrey Chan,3068267,Austin Ekeler,RB,2,1,2024,1,52,3.8%,0,0,1,2024
Jeffrey Chan,3116164,Mike Gesicki,TE,2,1,2024,1,8,25.0%,2,8.8,0,
Jeffrey Chan,4038441,Justice Hill,RB,2,1,2024,1,10,20.0%,1,14.2,0,
Jeffrey Chan,4685720,Bryce Young,QB,2,1,2024,1,36,5.6%,1,16.5,0,
Jeffrey Chan,4038524,Gardner Minshew,QB,2,1,2025,1,19,10.5%,2,1.4,0,
Justin Ho,2975674,Robert Tonyan,TE,2,1,2022,2,3,66.7%,2,11,0,
Justin Ho,2576434,Melvin Gordon III,RB,2,1,2022,1,17,11.8%,0,0,1,2021
Justin Ho,17427,Cairo Santos,K,2,1,2022,1,10,20.0%,2,11,0,
Justin Ho,4048244,Alexander Mattison,RB,2,2,2023/2024,2,36,5.6%,1,13.4,3,2020/2021/2023
Justin Ho,3116593,Dalvin Cook,RB,2,1,2023,1,21,9.5%,0,0,1,2023
Justin Ho,4361259,Zach Wilson,QB,2,1,2023,1,15,13.3%,2,19.5,0,
Justin Ho,14880,Kirk Cousins,QB,2,1,2023,1,45,4.4%,1,19.9,1,2021
Justin Ho,4362478,Emari Demercado,RB,2,1,2023,1,4,50.0%,0,0,0,
Justin Ho,3121427,Curtis Samuel,WR,2,1,2023,1,26,7.7%,0,0,0,
Justin Ho,4243371,Riley Patterson,K,2,1,2023,1,2,100.0%,2,2,0,
Justin Ho,14993,Greg Zuerlein,K,2,1,2024,1,3,66.7%,2,7,1,2024
Justin Ho,4429275,Trey Benson,RB,2,1,2024,1,19,10.5%,0,0,0,
Justin Ho,-16021,Eagles D/ST,D/ST,2,1,2024,1,45,4.4%,2,32,0,
Justin Ho,4039358,Patrick Taylor Jr.,RB,2,1,2024,1,2,100.0%,0,0,0,
Justin Ho,-16011,Colts D/ST,D/ST,2,1,2024,1,17,11.8%,2,2,0,
Justin Ho,4819231,Kaleb Johnson,RB,2,1,2025,1,2,100.0%,0,0,1,2025
Justin Ho,4608686,Kyle Monangai,RB,2,1,2025,2,11,18.2%,0,0,0,
Justin Ho,4711533,Ollie Gordon II,RB,2,1,2025,1,2,100.0%,0,0,0,
Justin Ho,4569603,Malik Washington,WR,2,1,2025,1,2,100.0%,0,0,0,
Justin Ho,-16001,Falcons D/ST,D/ST,2,1,2025,1,16,12.5%,2,19,0,
Prashanth Balaraman,4240600,Kadarius Toney,WR,2,1,2022,1,8,25.0%,0,0,0,
Prashanth Balaraman,14876,Ryan Tannehill,QB,2,2,2022/2023,2,18,11.1%,2,27.3,0,
Prashanth Balaraman,3930066,Van Jefferson,WR,2,1,2023,1,3,66.7%,0,0,0,
Prashanth Balaraman,3059722,Zay Jones,WR,2,1,2023,1,20,10.0%,1,0,0,
Prashanth Balaraman,3049916,Matt Breida,RB,2,1,2023,1,2,100.0%,0,0,1,2020
Prashanth Balaraman,3059915,Kareem Hunt,RB,2,1,2023,1,47,4.3%,0,0,1,2019
Prashanth Balaraman,3059989,Nick Mullens,QB,2,1,2023,1,2,100.0%,2,33.7,0,
Prashanth Balaraman,16339,Brandon McManus,K,2,1,2023,1,15,13.3%,2,-2,0,
Prashanth Balaraman,2565969,Taylor Heinicke,QB,2,1,2023,1,14,14.3%,1,14.2,0,
Prashanth Balaraman,3116407,Mason Rudolph,QB,2,2,2023/2025,2,2,100.0%,2,19,0,
Prashanth Balaraman,4248528,Christian Watson,WR,2,1,2024,1,41,4.9%,0,0,1,2024
Prashanth Balaraman,-16015,Dolphins D/ST,D/ST,2,1,2024,1,32,6.3%,2,11,0,
Prashanth Balaraman,4372019,Jerome Ford,RB,2,2,2024/2025,2,24,8.3%,0,0,0,
Prashanth Balaraman,-16034,Texans D/ST,D/ST,2,1,2024,1,26,7.7%,2,15,0,
Prashanth Balaraman,2969939,Jameis Winston,QB,2,1,2024,1,20,10.0%,0,0,0,
Prashanth Balaraman,4685702,Quinshon Judkins,RB,2,1,2025,1,15,13.3%,0,0,0,
Prashanth Balaraman,11252,Joe Flacco,QB,2,1,2025,1,16,12.5%,1,18.8,0,
Rollin Odama-Wong,-16007,Broncos D/ST,D/ST,2,1,2022,1,46,4.3%,2,14,1,2022
Rollin Odama-Wong,4426354,George Pickens,WR,2,1,2022,2,62,3.2%,0,0,0,
Rollin Odama-Wong,3917792,Daniel Jones,QB,2,1,2022,1,48,4.2%,0,0,0,
Rollin Odama-Wong,4567048,Kenneth Walker III,RB,2,1,2022,1,67,3.0%,1,18,0,
Rollin Odama-Wong,3691739,Derwin James Jr.,S,2,1,2022,1,8,25.0%,2,11,0,
Rollin Odama-Wong,4569173,Rhamondre Stevenson,RB,2,1,2023,1,67,3.0%,1,13.2,0,
Rollin Odama-Wong,-16013,Raiders D/ST,D/ST,2,1,2023,1,23,8.7%,2,11,0,
Rollin Odama-Wong,-16027,Buccaneers D/ST,D/ST,2,1,2023,1,17,11.8%,2,13,1,2020
Rollin Odama-Wong,3059915,Kareem Hunt,RB,2,2,2024/2025,2,47,4.3%,0,0,1,2020
Rollin Odama-Wong,-16003,Bears D/ST,D/ST,2,1,2024,1,11,18.2%,2,27,0,
Rollin Odama-Wong,-16023,Steelers D/ST,D/ST,2,1,2025,1,51,3.9%,2,5,1,2025
Rollin Odama-Wong,4427728,Bam Knight,RB,2,1,2025,2,10,20.0%,1,9.4,0,
Rollin Odama-Wong,4608810,Tez Johnson,WR,2,1,2025,2,2,100.0%,0,0,0,
Rollin Odama-Wong,4887558,Emanuel Wilson,RB,2,1,2025,1,5,40.0%,1,26.5,0,
Rollin Odama-Wong,4430871,Sean Tucker,RB,2,1,2025,1,3,66.7%,0,0,0,
Chase Mizoguchi,3135321,Hunter Renfrow,WR,1,1,2022,1,8,12.5%,0,0,0,
Chase Mizoguchi,2972515,Cooper Rush,QB,1,1,2022,1,9,11.1%,0,0,0,
Chase Mizoguchi,2979843,Kenyan Drake,RB,1,1,2022,1,4,25.0%,1,0,1,2020
Chase Mizoguchi,3916655,Maxx Crosby,DE,1,1,2022,1,4,25.0%,1,2,0,
Chase Mizoguchi,4362921,Tyquan Thornton,WR,1,1,2022,1,1,100.0%,0,0,0,
Chase Mizoguchi,3121410,Parris Campbell,WR,1,1,2022,1,4,25.0%,0,0,0,
Chase Mizoguchi,14979,Bobby Wagner,LB,1,1,2022,1,23,4.3%,1,2.5,0,
Chase Mizoguchi,3124005,Zaire Franklin,LB,1,1,2022,1,24,4.2%,1,5,0,
Chase Mizoguchi,3052587,Baker Mayfield,QB,1,1,2022,1,61,1.6%,1,4,1,2019
Chase Mizoguchi,-16015,Dolphins D/ST,D/ST,1,1,2022,1,32,3.1%,1,19,0,
Chase Mizoguchi,-16005,Browns D/ST,D/ST,1,1,2022,1,31,3.2%,1,27,1,2019
Chase Mizoguchi,3930066,Van Jefferson,WR,1,1,2022,1,3,33.3%,0,0,0,
Chase Mizoguchi,2580216,DeAndre Carter,WR,1,1,2022,1,3,33.3%,1,2,0,
Chase Mizoguchi,4258173,Nico Collins,WR,1,1,2022,1,52,1.9%,1,12,0,
Chase Mizoguchi,4241464,Mac Jones,QB,1,1,2022,1,28,3.6%,1,7,0,
Chase Mizoguchi,-16029,Panthers D/ST,D/ST,1,1,2022,1,4,25.0%,1,1,0,
Chase Mizoguchi,3691739,Derwin James Jr.,S,1,1,2023,1,8,12.5%,1,3,1,2023
Chase Mizoguchi,3045523,Kendrick Bourne,WR,1,1,2023,1,5,20.0%,0,0,0,
Chase Mizoguchi,4046676,Tony Jones Jr.,RB,1,1,2023,1,2,50.0%,0,0,0,
Chase Mizoguchi,16782,Jerick McKinnon,RB,1,1,2023,1,9,11.1%,0,0,0,
Chase Mizoguchi,3115306,Josh Reynolds,WR,1,1,2023,1,7,14.3%,0,0,0,
Chase Mizoguchi,14163,Tyrod Taylor,QB,1,1,2023,1,5,20.0%,0,0,0,
Chase Mizoguchi,4373632,Jaren Hall,QB,1,1,2023,1,2,50.0%,1,4.2,0,
Chase Mizoguchi,3917232,Tyler Bass,K,1,1,2023,1,28,3.6%,1,2.5,0,
Chase Mizoguchi,4373626,Tyler Allgeier,RB,1,1,2023,1,20,5.0%,0,0,0,
Chase Mizoguchi,4260394,Aidan O'Connell,QB,1,1,2023,1,13,7.7%,0,0,0,
Chase Mizoguchi,3110565,Quincy Williams,LB,1,1,2023,1,4,25.0%,1,4.5,0,
Chase Mizoguchi,3117256,Dalton Schultz,TE,1,1,2023,1,40,2.5%,0,0,0,
Chase Mizoguchi,3059722,Zay Jones,WR,1,1,2023,1,20,5.0%,1,8.4,0,
Chase Mizoguchi,3121409,Noah Brown,WR,1,1,2023,1,7,14.3%,1,0,0,
Chase Mizoguchi,4242214,Clyde Edwards-Helaire,RB,1,1,2023,1,11,9.1%,1,8.8,0,
Chase Mizoguchi,4242512,Malik Willis,QB,1,1,2024,1,3,33.3%,1,13,0,
Chase Mizoguchi,4240021,Cam Akers,RB,1,1,2024,1,25,4.0%,1,10.4,0,
Chase Mizoguchi,2980453,Jamaal Williams,RB,1,1,2024,1,18,5.6%,0,0,0,
Chase Mizoguchi,4361411,Pat Freiermuth,TE,1,1,2024,1,28,3.6%,1,3.6,1,2024
Chase Mizoguchi,4430834,Jalen McMillan,WR,1,1,2024,1,3,33.3%,0,0,0,
Chase Mizoguchi,3040151,George Kittle,TE,1,1,2024,1,68,1.5%,1,14.7,0,
Chase Mizoguchi,4036378,Jordan Love,QB,1,1,2024,1,51,2.0%,0,0,0,
Chase Mizoguchi,-16002,Bills D/ST,D/ST,1,1,2024,1,47,2.1%,0,0,1,2020
Chase Mizoguchi,4372414,Elijah Moore,WR,1,1,2024,1,16,6.3%,0,0,0,
Chase Mizoguchi,3051738,Marquez Valdes-Scantling,WR,1,1,2024,1,18,5.6%,0,0,0,
Chase Mizoguchi,16460,Adam Thielen,WR,1,1,2025,1,42,2.4%,0,0,0,
Chase Mizoguchi,5081397,Dylan Sampson,RB,1,1,2025,1,2,50.0%,1,10.9,0,
Chase Mizoguchi,-16019,Giants D/ST,D/ST,1,1,2025,1,10,10.0%,1,1,0,
Chase Mizoguchi,2468609,Taysom Hill,TE,1,1,2025,1,19,5.3%,1,0.7,0,
Chase Mizoguchi,4427238,Dillon Gabriel,QB,1,1,2025,1,9,11.1%,0,0,0,
Chase Mizoguchi,4596602,Brashard Smith,RB,1,1,2025,1,1,100.0%,1,0.7,0,
Chase Mizoguchi,4569923,Andy Borregales,K,1,1,2025,1,1,100.0%,1,18,0,
Christopher Pascual,4040980,Irv Smith Jr.,TE,1,1,2022,1,1,100.0%,0,0,1,2022
Christopher Pascual,3122899,Richie James,WR,1,1,2022,1,1,100.0%,1,-1,0,
Christopher Pascual,4243331,Cade Otton,TE,1,1,2022,1,20,5.0%,1,3.5,0,
Christopher Pascual,16790,Jarvis Landry,WR,1,1,2022,1,2,50.0%,0,0,0,
Christopher Pascual,4697815,Rachaad White,RB,1,1,2022,1,52,1.9%,0,0,0,
Christopher Pascual,4046692,Chase Claypool,WR,1,1,2022,1,4,25.0%,0,0,0,
Christopher Pascual,3042519,Aaron Jones Sr.,RB,1,1,2022,1,68,1.5%,1,22,0,
Christopher Pascual,4240021,Cam Akers,RB,1,1,2022,1,25,4.0%,0,0,0,
Christopher Pascual,3675812,Bryce Perkins,QB,1,1,2022,1,1,100.0%,0,0,0,
Christopher Pascual,4046676,Tony Jones Jr.,RB,1,1,2022,1,2,50.0%,1,1,0,
Christopher Pascual,11394,Josh Johnson,QB,1,1,2022,1,2,50.0%,0,0,0,
Christopher Pascual,4240472,Noah Gray,TE,1,1,2023,1,1,100.0%,1,6.1,0,
Christopher Pascual,4599739,Kendre Miller,RB,1,1,2023,1,7,14.3%,0,0,0,
Christopher Pascual,4243003,Ronnie Rivers,RB,1,1,2023,1,1,100.0%,0,0,0,
Christopher Pascual,3054212,Jonnu Smith,TE,1,1,2023,1,11,9.1%,0,0,1,2021
Christopher Pascual,3045523,Kendrick Bourne,WR,1,1,2023,1,5,20.0%,0,0,0,
Christopher Pascual,3918639,Gerald Everett,TE,1,1,2023,1,17,5.9%,1,0,0,
Christopher Pascual,3892775,Jarrett Stidham,QB,1,1,2023,1,1,100.0%,1,13.6,0,
Christopher Pascual,3916566,K.J. Osborn,WR,1,1,2023,1,5,20.0%,0,0,0,
Christopher Pascual,4259545,D'Andre Swift,RB,1,1,2024,1,67,1.5%,0,0,1,2024
Christopher Pascual,4597500,Adonai Mitchell,WR,1,1,2024,1,2,50.0%,0,0,0,
Christopher Pascual,4430034,Xavier Legette,WR,1,1,2024,1,4,25.0%,0,0,0,
Christopher Pascual,-16019,Giants D/ST,D/ST,1,1,2024,1,10,10.0%,1,4,0,
Christopher Pascual,3051926,Gus Edwards,RB,1,1,2024,1,28,3.6%,0,0,0,
Christopher Pascual,4038524,Gardner Minshew,QB,1,1,2024,1,19,5.3%,0,0,0,
Christopher Pascual,14163,Tyrod Taylor,QB,1,1,2025,1,5,20.0%,1,16.7,0,
Christopher Pascual,-16027,Buccaneers D/ST,D/ST,1,1,2025,1,17,5.9%,1,7,0,
Darwin Hu,2972515,Cooper Rush,QB,1,1,2022,1,9,11.1%,0,0,0,
Darwin Hu,3924365,Hayden Hurst,TE,1,1,2022,1,11,9.1%,1,5,1,2020
Darwin Hu,4361529,Isiah Pacheco,RB,1,1,2022,1,57,1.8%,0,0,0,
Darwin Hu,3040180,De'Vondre Campbell,LB,1,1,2022,1,6,16.7%,1,1.5,0,
Darwin Hu,4242512,Malik Willis,QB,1,1,2022,1,3,33.3%,1,1.5,0,
Darwin Hu,3051308,PJ Walker,QB,1,1,2022,1,5,20.0%,1,5,0,
Darwin Hu,-16033,Ravens D/ST,D/ST,1,1,2023,1,51,2.0%,1,12,1,2023
Darwin Hu,4039359,Darrell Henderson Jr.,RB,1,1,2023,1,16,6.3%,0,0,0,
Darwin Hu,16339,Brandon McManus,K,1,1,2023,1,15,6.7%,1,3,0,
Darwin Hu,2971573,Ka'imi Fairbairn,K,1,1,2023,1,38,2.6%,1,16,0,
Darwin Hu,4241401,Trey Sermon,RB,1,1,2024,1,7,14.3%,1,3.4,0,
Darwin Hu,3916945,Darius Slayton,WR,1,1,2024,1,9,11.1%,1,11.7,0,
Darwin Hu,4430871,Sean Tucker,RB,1,1,2024,1,3,33.3%,0,0,0,
Darwin Hu,4372561,Isaac Guerendo,RB,1,1,2024,1,5,20.0%,0,0,0,
Darwin Hu,-16014,Rams D/ST,D/ST,1,1,2025,1,18,5.6%,1,10,0,
Darwin Hu,4426339,Spencer Rattler,QB,1,1,2025,1,6,16.7%,0,0,0,
Darwin Hu,-16009,Packers D/ST,D/ST,1,1,2025,1,33,3.0%,1,-5,0,
Darwin Hu,4883647,Elic Ayomanor,WR,1,1,2025,1,1,100.0%,0,0,0,
Darwin Hu,4429148,Theo Johnson,TE,1,1,2025,1,9,11.1%,1,11.7,0,
Darwin Hu,4241463,Jerry Jeudy,WR,1,1,2025,1,50,2.0%,0,0,0,
Darwin Hu,4882093,Bhayshul Tuten,RB,1,1,2025,1,4,25.0%,0,0,0,
Darwin Hu,15864,Geno Smith,QB,1,1,2025,1,60,1.7%,0,0,0,
Darwin Hu,14880,Kirk Cousins,QB,1,1,2025,1,45,2.2%,0,0,0,
Darwin Hu,4429025,Quentin Johnston,WR,1,1,2025,1,27,3.7%,0,0,0,
Darwin Hu,4433970,J.J. McCarthy,QB,1,1,2025,1,15,6.7%,1,20.4,0,
Darwin Hu,4360234,Evan McPherson,K,1,1,2025,1,32,3.1%,1,4,0,
Darwin Hu,4574716,Harrison Mevis,K,1,1,2025,1,1,100.0%,1,12,0,
Darwin Hu,4432762,Shedeur Sanders,QB,1,1,2025,1,4,25.0%,0,0,0,
Evan Fukumoto,3056362,Shaquille Leonard,LB,1,1,2022,1,3,33.3%,0,0,1,2022
Evan Fukumoto,-16010,Titans D/ST,D/ST,1,1,2022,1,10,10.0%,1,7,1,2022
Evan Fukumoto,16725,Sammy Watkins,WR,1,1,2022,1,1,100.0%,0,0,1,2018
Evan Fukumoto,16486,Brett Maher,K,1,1,2022,1,15,6.7%,1,4,0,
Evan Fukumoto,-16004,Bengals D/ST,D/ST,1,1,2022,1,12,8.3%,1,0,0,
Evan Fukumoto,-16017,Patriots D/ST,D/ST,1,1,2022,1,26,3.8%,1,4,0,
Evan Fukumoto,16733,Odell Beckham Jr.,WR,1,1,2022,1,12,8.3%,0,0,0,
Evan Fukumoto,-16030,Jaguars D/ST,D/ST,1,1,2022,1,22,4.5%,1,6,0,
Evan Fukumoto,3116164,Mike Gesicki,TE,1,1,2022,1,8,12.5%,1,12,0,
Evan Fukumoto,-16027,Buccaneers D/ST,D/ST,1,1,2022,1,17,5.9%,1,9,0,
Evan Fukumoto,2578570,Jacoby Brissett,QB,1,1,2022,1,20,5.0%,0,0,0,
Evan Fukumoto,2514270,Jordan Hicks,LB,1,1,2022,1,1,100.0%,1,1.5,0,
Evan Fukumoto,3124092,John Wolford,QB,1,1,2022,1,1,100.0%,1,8,0,
Evan Fukumoto,3129310,Drue Tranquill,LB,1,1,2022,1,5,20.0%,1,3.5,0,
Evan Fukumoto,14993,Greg Zuerlein,K,1,1,2022,1,3,33.3%,1,4,1,2021
Evan Fukumoto,3115293,Kyle Allen,QB,1,1,2022,1,1,100.0%,0,0,0,
Evan Fukumoto,4372485,Rondale Moore,WR,1,1,2022,1,13,7.7%,0,0,0,
Evan Fukumoto,4036378,Jordan Love,QB,1,1,2023,1,51,2.0%,0,0,1,2023
Evan Fukumoto,4360761,Michael Wilson,WR,1,1,2023,1,9,11.1%,0,0,0,
Evan Fukumoto,4258595,Cole Kmet,TE,1,1,2023,1,21,4.8%,1,4.7,0,
Evan Fukumoto,4421446,Craig Reynolds,RB,1,1,2023,1,3,33.3%,1,2,0,
Evan Fukumoto,4260394,Aidan O'Connell,QB,1,1,2023,1,13,7.7%,0,0,0,
Evan Fukumoto,16813,Logan Thomas,TE,1,1,2023,1,12,8.3%,1,1.2,0,
Evan Fukumoto,12477,Brian Hoyer,QB,1,1,2023,1,1,100.0%,1,1.2,0,
Evan Fukumoto,4372066,Jake Moody,K,1,1,2023,1,17,5.9%,1,6,0,
Evan Fukumoto,4360569,Jordan Mason,RB,1,1,2023,1,25,4.0%,0,0,0,
Evan Fukumoto,4361765,Brayden Narveson,K,1,1,2024,1,1,100.0%,1,1,0,
Evan Fukumoto,4361411,Pat Freiermuth,TE,1,1,2024,1,28,3.6%,1,16.7,0,
Evan Fukumoto,4429025,Quentin Johnston,WR,1,1,2024,1,27,3.7%,0,0,0,
Evan Fukumoto,-16028,Commanders D/ST,D/ST,1,1,2024,1,19,5.3%,1,4,0,
Evan Fukumoto,4367567,Julius Chestnut,RB,1,1,2024,1,1,100.0%,0,0,0,
Evan Fukumoto,4432620,Parker Washington,WR,1,1,2024,1,3,33.3%,0,0,0,
Evan Fukumoto,-16026,Seahawks D/ST,D/ST,1,1,2024,1,25,4.0%,1,16,0,
Evan Fukumoto,-16001,Falcons D/ST,D/ST,1,1,2025,1,16,6.3%,1,5,0,
Evan Fukumoto,-16024,Chargers D/ST,D/ST,1,1,2025,1,23,4.3%,1,9,0,
Evan Fukumoto,-16002,Bills D/ST,D/ST,1,1,2025,1,47,2.1%,1,6,0,
Evan Fukumoto,11122,Matt Prater,K,1,1,2025,1,5,20.0%,1,2,0,
Evan Fukumoto,4427238,Dillon Gabriel,QB,1,1,2025,1,9,11.1%,0,0,0,
Evan Fukumoto,4688380,Cam Ward,QB,1,1,2025,1,9,11.1%,1,12.8,0,
Harvey Wang,3046779,Jared Goff,QB,1,1,2022,1,67,1.5%,0,0,2,2021/2022
Harvey Wang,16813,Logan Thomas,TE,1,1,2022,1,12,8.3%,0,0,0,
Harvey Wang,4241464,Mac Jones,QB,1,1,2022,1,28,3.6%,1,0,0,
Harvey Wang,4242207,Patrick Queen,LB,1,1,2022,1,1,100.0%,1,2,0,
Harvey Wang,4039050,Devin Duvernay,WR,1,1,2022,1,3,33.3%,1,1,0,
Harvey Wang,4242546,Davis Mills,QB,1,1,2022,1,11,9.1%,0,0,0,
Harvey Wang,-16029,Panthers D/ST,D/ST,1,1,2022,1,4,25.0%,1,8,0,
Harvey Wang,16728,Teddy Bridgewater,QB,1,1,2022,1,3,33.3%,1,8,0,
Harvey Wang,4242540,Isaiah Hodgins,WR,1,1,2022,1,1,100.0%,0,0,0,
Harvey Wang,3912547,Sam Darnold,QB,1,1,2022,1,36,2.8%,1,21,0,
Harvey Wang,3045282,T.J. Watt,DE,1,1,2023,1,6,16.7%,1,5,0,
Harvey Wang,3115306,Josh Reynolds,WR,1,1,2023,1,7,14.3%,0,0,0,
Harvey Wang,4242355,Jake Ferguson,TE,1,1,2023,1,42,2.4%,0,0,0,
Harvey Wang,4361432,Romeo Doubs,WR,1,1,2023,1,32,3.1%,1,16.3,0,
Harvey Wang,-16009,Packers D/ST,D/ST,1,1,2023,1,33,3.0%,1,3,0,
Harvey Wang,3124679,Jason Sanders,K,1,1,2023,1,4,25.0%,1,7,0,
Harvey Wang,16731,Brandin Cooks,WR,1,1,2024,1,18,5.6%,0,0,0,
Harvey Wang,4722893,Jaleel McLaughlin,RB,1,1,2024,1,6,16.7%,1,1.1,0,
Harvey Wang,3043116,Demarcus Robinson,WR,1,1,2024,1,3,33.3%,1,4.2,0,
Harvey Wang,3046439,Hunter Henry,TE,1,1,2024,1,31,3.2%,0,0,1,2019
Harvey Wang,17427,Cairo Santos,K,1,1,2024,1,10,10.0%,1,5,0,
Harvey Wang,-16034,Texans D/ST,D/ST,1,1,2024,1,26,3.8%,1,2,0,
Harvey Wang,4260394,Aidan O'Connell,QB,1,1,2024,1,13,7.7%,0,0,0,
Harvey Wang,4373626,Tyler Allgeier,RB,1,1,2024,1,20,5.0%,0,0,0,
Harvey Wang,-16015,Dolphins D/ST,D/ST,1,1,2024,1,32,3.1%,0,0,0,
Harvey Wang,4428718,Tre Tucker,WR,1,1,2025,1,2,50.0%,0,0,0,
Harvey Wang,4047646,A.J. Brown,WR,1,1,2025,1,68,1.5%,1,2.7,0,
Harvey Wang,8439,Aaron Rodgers,QB,1,1,2025,1,58,1.7%,1,16.8,0,
Harvey Wang,4695404,Isaiah Davis,RB,1,1,2025,1,2,50.0%,0,0,0,
Harvey Wang,4248528,Christian Watson,WR,1,1,2025,1,41,2.4%,0,0,0,
Harvey Wang,4242557,Colby Parkinson,TE,1,1,2025,1,5,20.0%,1,4.1,0,
Harvey Wang,4569682,Audric Estime,RB,1,1,2025,1,3,33.3%,0,0,0,
Harvey Wang,4429096,Blake Corum,RB,1,1,2025,1,2,50.0%,0,0,0,
Harvey Wang,5081397,Dylan Sampson,RB,1,1,2025,1,2,50.0%,0,0,0,
Harvey Wang,4259147,Jake Tonges,TE,1,1,2025,1,2,50.0%,0,0,0,
Ikaika Stone,15880,Robert Woods,WR,1,1,2022,1,9,11.1%,0,0,1,2018
Ikaika Stone,15971,Rex Burkhead,RB,1,1,2022,1,1,100.0%,0,0,0,
Ikaika Stone,16790,Jarvis Landry,WR,1,1,2022,1,2,50.0%,0,0,0,
Ikaika Stone,3918639,Gerald Everett,TE,1,1,2022,1,17,5.9%,1,4.5,0,
Ikaika Stone,11237,Matt Ryan,QB,1,1,2022,1,13,7.7%,0,0,0,
Ikaika Stone,2991662,Mack Hollins,WR,1,1,2022,1,5,20.0%,0,0,0,
Ikaika Stone,4242433,Joshua Palmer,WR,1,1,2022,1,29,3.4%,1,3,0,
Ikaika Stone,16728,Teddy Bridgewater,QB,1,1,2022,1,3,33.3%,0,0,0,
Ikaika Stone,4241464,Mac Jones,QB,1,1,2022,1,28,3.6%,0,0,0,
Ikaika Stone,2969939,Jameis Winston,QB,1,1,2022,1,20,5.0%,0,0,0,
Ikaika Stone,4242512,Malik Willis,QB,1,1,2022,1,3,33.3%,1,7,0,
Ikaika Stone,3912547,Sam Darnold,QB,1,1,2022,1,36,2.8%,0,0,0,
Ikaika Stone,4429025,Quentin Johnston,WR,1,1,2023,1,27,3.7%,0,0,1,2023
Ikaika Stone,3115394,DJ Chark Jr.,WR,1,1,2023,1,5,20.0%,0,0,0,
Ikaika Stone,3045523,Kendrick Bourne,WR,1,1,2023,1,5,20.0%,0,0,0,
Ikaika Stone,4239086,Desmond Ridder,QB,1,1,2023,1,14,7.1%,0,0,0,
Ikaika Stone,4360761,Michael Wilson,WR,1,1,2023,1,9,11.1%,0,0,0,
Ikaika Stone,3926229,Cody Barton,LB,1,1,2023,1,1,100.0%,1,4,0,
Ikaika Stone,-16027,Buccaneers D/ST,D/ST,1,1,2023,1,17,5.9%,1,4,0,
Ikaika Stone,-16017,Patriots D/ST,D/ST,1,1,2023,1,26,3.8%,1,13,0,
Ikaika Stone,3045138,Mike Williams,WR,1,1,2024,1,21,4.8%,0,0,1,2024
Ikaika Stone,4427095,DeMario Douglas,WR,1,1,2024,1,9,11.1%,0,0,0,
Ikaika Stone,-16030,Jaguars D/ST,D/ST,1,1,2024,1,22,4.5%,1,6,0,
Ikaika Stone,4361050,Isaiah Likely,TE,1,1,2024,1,8,12.5%,0,0,0,
Ikaika Stone,-16026,Seahawks D/ST,D/ST,1,1,2024,1,25,4.0%,1,7,0,
Ikaika Stone,4431452,Drake Maye,QB,1,1,2024,1,29,3.4%,0,0,0,
Ikaika Stone,4428209,Ricky Pearsall,WR,1,1,2024,1,21,4.8%,0,0,0,
Ikaika Stone,4249417,Jalen Tolbert,WR,1,1,2024,1,3,33.3%,0,0,0,
Ikaika Stone,2972515,Cooper Rush,QB,1,1,2024,1,9,11.1%,0,0,0,
Ikaika Stone,4429013,Tank Bigsby,RB,1,1,2024,1,11,9.1%,0,0,0,
Ikaika Stone,4428557,Tyjae Spears,RB,1,1,2024,1,36,2.8%,0,0,0,
Ikaika Stone,-16002,Bills D/ST,D/ST,1,1,2025,1,47,2.1%,1,8,0,
Ikaika Stone,3123076,David Njoku,TE,1,1,2025,1,51,2.0%,0,0,0,
Ikaika Stone,-16022,Cardinals D/ST,D/ST,1,1,2025,1,8,12.5%,1,6,0,
Ikaika Stone,4567104,Will Reichard,K,1,1,2025,1,14,7.1%,1,5,0,
Ikaika Stone,4040655,Darnell Mooney,WR,1,1,2025,1,29,3.4%,0,0,0,
Jeffrey Chan,3039707,Mitch Trubisky,QB,1,1,2022,1,2,50.0%,1,10,0,
Jeffrey Chan,12460,Graham Gano,K,1,1,2022,1,11,9.1%,1,7,0,
Jeffrey Chan,16782,Jerick McKinnon,RB,1,1,2022,1,9,11.1%,0,0,0,
Jeffrey Chan,3123076,David Njoku,TE,1,1,2023,1,51,2.0%,1,3.7,0,
Jeffrey Chan,4722893,Jaleel McLaughlin,RB,1,1,2024,1,6,16.7%,1,11.5,0,
Jeffrey Chan,4567104,Will Reichard,K,1,1,2024,1,14,7.1%,1,5,0,
Justin Ho,4046692,Chase Claypool,WR,1,1,2022,1,4,25.0%,0,0,1,2022
Justin Ho,16728,Teddy Bridgewater,QB,1,1,2022,1,3,33.3%,0,0,0,
Justin Ho,4373626,Tyler Allgeier,RB,1,1,2022,1,20,5.0%,0,0,0,
Justin Ho,3059722,Zay Jones,WR,1,1,2022,1,20,5.0%,0,0,0,
Justin Ho,-16010,Titans D/ST,D/ST,1,1,2022,1,10,10.0%,1,11,0,
Justin Ho,4361529,Isiah Pacheco,RB,1,1,2022,1,57,1.8%,1,12,0,
Justin Ho,3042778,Corey Davis,WR,1,1,2022,1,1,100.0%,0,0,0,
Justin Ho,4240600,Kadarius Toney,WR,1,1,2023,1,8,12.5%,0,0,1,2023
Justin Ho,16760,Jimmy Garoppolo,QB,1,1,2023,1,19,5.3%,0,0,1,2023
Justin Ho,4242519,Anders Carlson,K,1,1,2023,1,1,100.0%,1,4,0,
Justin Ho,3122672,Royce Freeman,RB,1,1,2023,1,1,100.0%,1,6.6,0,
Justin Ho,4260394,Aidan O'Connell,QB,1,1,2023,1,13,7.7%,0,0,0,
Justin Ho,4362087,Keaontay Ingram,RB,1,1,2023,1,3,33.3%,0,0,0,
Justin Ho,4361418,Will Levis,QB,1,1,2024,1,16,6.3%,0,0,1,2024
Justin Ho,4426386,Roschon Johnson,RB,1,1,2024,1,8,12.5%,0,0,0,
Justin Ho,4569987,Jaylen Warren,RB,1,1,2024,1,47,2.1%,0,0,0,
Justin Ho,-16020,Jets D/ST,D/ST,1,1,2024,1,32,3.1%,1,3,0,
Justin Ho,4683062,Xavier Worthy,WR,1,1,2024,1,27,3.7%,1,9.6,0,
Justin Ho,4430539,Brenton Strange,TE,1,1,2025,1,4,25.0%,1,3.2,0,
Justin Ho,2977187,Cooper Kupp,WR,1,1,2025,1,56,1.8%,0,0,1,2021
Justin Ho,4259147,Jake Tonges,TE,1,1,2025,1,2,50.0%,1,12.8,0,
Justin Ho,2985659,Wil Lutz,K,1,1,2025,1,25,4.0%,1,9,0,
Justin Ho,4428718,Tre Tucker,WR,1,1,2025,1,2,50.0%,0,0,0,
Justin Ho,11122,Matt Prater,K,1,1,2025,1,5,20.0%,1,1,1,2018
Justin Ho,3055899,Harrison Butker,K,1,1,2025,1,36,2.8%,1,6,0,
Prashanth Balaraman,4379399,James Cook III,RB,1,1,2022,1,55,1.8%,0,0,0,
Prashanth Balaraman,2573401,Tyler Higbee,TE,1,1,2022,1,12,8.3%,0,0,0,
Prashanth Balaraman,2976592,Sterling Shepard,WR,1,1,2022,1,1,100.0%,0,0,0,
Prashanth Balaraman,4258195,Donovan Peoples-Jones,WR,1,1,2022,1,10,10.0%,0,0,0,
Prashanth Balaraman,-16004,Bengals D/ST,D/ST,1,1,2022,1,12,8.3%,1,7,0,
Prashanth Balaraman,4361423,Micah Parsons,LB,1,1,2022,1,4,25.0%,1,7,0,
Prashanth Balaraman,16731,Brandin Cooks,WR,1,1,2022,1,18,5.6%,0,0,1,2020
Prashanth Balaraman,4430191,Skyy Moore,WR,1,1,2023,1,2,50.0%,1,0.4,1,2023
Prashanth Balaraman,4569609,Evan Hull,RB,1,1,2023,1,1,100.0%,0,0,0,
Prashanth Balaraman,11122,Matt Prater,K,1,1,2023,1,5,20.0%,1,1,1,2020
Prashanth Balaraman,4242355,Jake Ferguson,TE,1,1,2023,1,42,2.4%,0,0,0,
Prashanth Balaraman,16720,C.J. Mosley,LB,1,1,2023,1,25,4.0%,1,2.5,1,2018
Prashanth Balaraman,-16016,Vikings D/ST,D/ST,1,1,2023,1,24,4.2%,1,17,0,
Prashanth Balaraman,3039707,Mitch Trubisky,QB,1,1,2023,1,2,50.0%,1,12.9,0,
Prashanth Balaraman,-16012,Chiefs D/ST,D/ST,1,1,2023,1,33,3.0%,1,10,0,
Prashanth Balaraman,17427,Cairo Santos,K,1,1,2023,1,10,10.0%,1,14,0,
Prashanth Balaraman,4368003,Andrei Iosivas,WR,1,1,2024,1,1,100.0%,0,0,0,
Prashanth Balaraman,4426338,Bo Nix,QB,1,1,2024,1,32,3.1%,0,0,1,2024
Prashanth Balaraman,4241401,Trey Sermon,RB,1,1,2024,1,7,14.3%,1,18.3,0,
Prashanth Balaraman,4240021,Cam Akers,RB,1,1,2024,1,25,4.0%,0,0,0,
Prashanth Balaraman,10621,Nick Folk,K,1,1,2024,1,34,2.9%,1,6,0,
Prashanth Balaraman,-16003,Bears D/ST,D/ST,1,1,2024,1,11,9.1%,1,4,0,
Prashanth Balaraman,4383351,Trey Lance,QB,1,1,2024,1,3,33.3%,0,0,0,
Prashanth Balaraman,3150744,Chase McLaughlin,K,1,1,2024,1,29,3.4%,1,5,0,
Prashanth Balaraman,4685720,Bryce Young,QB,1,1,2024,1,36,2.8%,0,0,0,
Prashanth Balaraman,14881,Russell Wilson,QB,1,1,2025,1,44,2.3%,0,0,1,2020
Prashanth Balaraman,4569587,Wan'Dale Robinson,WR,1,1,2025,1,28,3.6%,0,0,0,
Prashanth Balaraman,-16024,Chargers D/ST,D/ST,1,1,2025,1,23,4.3%,1,-1,0,
Prashanth Balaraman,-16028,Commanders D/ST,D/ST,1,1,2025,1,19,5.3%,1,3,0,
Rollin Odama-Wong,4036348,Michael Gallup,WR,1,1,2022,1,7,14.3%,0,0,2,2018/2022
Rollin Odama-Wong,4360294,Antonio Gibson,RB,1,1,2022,1,25,4.0%,1,19,0,
Rollin Odama-Wong,3051308,PJ Walker,QB,1,1,2022,1,5,20.0%,0,0,0,
Rollin Odama-Wong,2975674,Robert Tonyan,TE,1,1,2022,1,3,33.3%,1,6,0,
Rollin Odama-Wong,15168,Case Keenum,QB,1,1,2022,1,1,100.0%,0,0,0,
Rollin Odama-Wong,16782,Jerick McKinnon,RB,1,1,2022,1,9,11.1%,0,0,0,
Rollin Odama-Wong,3915486,Tyler Conklin,TE,1,1,2022,1,5,20.0%,1,2,0,
Rollin Odama-Wong,4361409,Jahan Dotson,WR,1,1,2022,1,26,3.8%,1,6,0,
Rollin Odama-Wong,-16019,Giants D/ST,D/ST,1,1,2022,1,10,10.0%,0,0,0,
Rollin Odama-Wong,4430191,Skyy Moore,WR,1,1,2023,1,2,50.0%,0,0,0,
Rollin Odama-Wong,4429013,Tank Bigsby,RB,1,1,2023,1,11,9.1%,0,0,0,
Rollin Odama-Wong,3916566,K.J. Osborn,WR,1,1,2023,1,5,20.0%,0,0,0,
Rollin Odama-Wong,4599739,Kendre Miller,RB,1,1,2023,1,7,14.3%,0,0,0,
Rollin Odama-Wong,4241555,Elijah Mitchell,RB,1,1,2023,1,11,9.1%,0,0,0,
Rollin Odama-Wong,3138826,Fred Warner,LB,1,1,2023,1,10,10.0%,1,6.5,0,
Rollin Odama-Wong,3115364,Leonard Fournette,RB,1,1,2023,1,18,5.6%,0,0,0,
Rollin Odama-Wong,4373632,Jaren Hall,QB,1,1,2023,1,2,50.0%,1,-0.9,0,
Rollin Odama-Wong,3918639,Gerald Everett,TE,1,1,2023,1,17,5.9%,1,7.7,0,
Rollin Odama-Wong,3150744,Chase McLaughlin,K,1,1,2023,1,29,3.4%,1,1,0,
Rollin Odama-Wong,4429096,Blake Corum,RB,1,1,2024,1,2,50.0%,0,0,1,2024
Rollin Odama-Wong,4430968,Kimani Vidal,RB,1,1,2024,1,8,12.5%,0,0,0,
Rollin Odama-Wong,4431299,Rome Odunze,WR,1,1,2024,1,26,3.8%,0,0,0,
Rollin Odama-Wong,3116164,Mike Gesicki,TE,1,1,2024,1,8,12.5%,1,7,0,
Rollin Odama-Wong,4360516,Tyrone Tracy Jr.,RB,1,1,2024,1,29,3.4%,1,15.9,0,
Rollin Odama-Wong,2468609,Taysom Hill,TE,1,1,2024,1,19,5.3%,1,9.7,0,
Rollin Odama-Wong,4241464,Mac Jones,QB,1,1,2025,1,28,3.6%,1,13.3,1,2021
Rollin Odama-Wong,4695404,Isaiah Davis,RB,1,1,2025,1,2,50.0%,0,0,0,
Rollin Odama-Wong,3925357,Calvin Ridley,WR,1,1,2025,1,36,2.8%,0,0,1,2020
Rollin Odama-Wong,4040655,Darnell Mooney,WR,1,1,2025,1,29,3.4%,1,2.1,0,
Rollin Odama-Wong,-16014,Rams D/ST,D/ST,1,1,2025,1,18,5.6%,1,10,0,
Rollin Odama-Wong,3916945,Darius Slayton,WR,1,1,2025,1,9,11.1%,0,0,0,
Rollin Odama-Wong,2969939,Jameis Winston,QB,1,1,2025,1,20,5.0%,0,0,1,2021
Rollin Odama-Wong,4597500,Adonai Mitchell,WR,1,1,2025,1,2,50.0%,0,0,0,
Rollin Odama-Wong,4432762,Shedeur Sanders,QB,1,1,2025,1,4,25.0%,0,0,0,
Rollin Odama-Wong,4723086,Colston Loveland,TE,1,1,2025,1,3,33.3%,1,21.4,0,
Rollin Odama-Wong,11394,Josh Johnson,QB,1,1,2025,1,2,50.0%,1,8.9,0,
Rollin Odama-Wong,15948,Matt Barkley,QB,1,1,2025,1,1,100.0%,0,0,0,
Rollin Odama-Wong,4428512,Kedon Slovis,QB,1,1,2025,1,1,100.0%,0,0,0,
Rollin Odama-Wong,15880,Robert Woods,WR,1,1,2025,1,9,11.1%,0,0,0,
